brand,model,year,age_years,distance_driven_km,price_aud,gearbox
Honda,Honda Accord 2.2d Executive,2009,17,265000,12540,Automatic
Mercedes-Benz,Mercedes-Benz GLC,2016,10,122000,55062,Automatic
Ford,Ford Kuga,2014,12,232040,14782,Manual
Ford,Ford Mondeo,2012,14,255000,6840,Manual
Volkswagen,Volkswagen Polo,2013,13,94550,11362,Manual
Peugeot,Peugeot 607 V6 210 Platinum,2003,23,380871,3040,Automatic
Toyota,Toyota C-HR,2022,4,25720,60521,Automatic
Peugeot,Peugeot 308,2006,20,80000,5662,Manual
Renault,Renault Fluence,2012,14,196000,13680,Manual
Renault,Renault Scenic 1.6 dCi Energy Tech Run S&S,2014,12,140500,7942,Manual
BMW,BMW Seria 6 650i xDrive,2012,14,138000,45562,Automatic
Mercedes-Benz,Mercedes-Benz CL 63 AMG,2008,18,299000,45600,Automatic
Fiat,Fiat Tipo,2023,3,5,49305,Automatic
Maserati,Maserati Quattroporte,2014,12,41105,74100,Automatic
Ford,Ford Mustang,1997,29,180000,5890,Automatic
Hyundai,Hyundai I30 1.4 Classic +,2017,9,212055,20311,Manual
Maserati,Maserati Ghibli Diesel Automatik,2014,12,150000,12502,Automatic
Aston Martin,Aston Martin DB9,2011,15,45600,159600,Automatic
Bentley,Bentley Bentayga Diesel,2018,8,49500,300162,Automatic
BMW,BMW Seria 8 M850i xDrive,2020,6,26000,170962,Automatic
Bentley,Bentley Continental GT,2017,9,117852,490200,Automatic
Peugeot,Peugeot 2008 e-2008 GT,2022,4,8054,47500,Automatic
Nissan,Nissan Juke 1.6 T Tekna,2014,12,110000,15162,Manual
Mercedes-Benz,Mercedes-Benz Klasa C 300 9G-TRONIC,2017,9,188300,72200,Automatic
Aston Martin,Aston Martin Rapide S,2011,15,62700,102220,Automatic
Maserati,Maserati Ghibli S Modena,2017,9,65235,25460,Automatic
Ford,Ford Fiesta 1.25 Ghia,2012,14,249000,9044,Manual
Kia,Kia Sportage 2.0 4WD MRDi,1997,29,140000,8702,Manual
Maserati,Maserati Ghibli,2016,10,46436,72162,Automatic
Opel,Opel Insignia,2019,7,178654,14820,Automatic
Mitsubishi,Mitsubishi Eclipse Cross 2.4 PHEV Intense Plus,2020,6,71000,73830,Automatic
Bentley,Bentley Bentayga W12,2017,9,55688,300200,Automatic
Aston Martin,Aston Martin V8 Vantage Roadster Sportshift,2011,15,45600,119700,Automatic
Peugeot,Peugeot 308 1.6 BlueHDi Allure S&S,2018,8,56400,15922,Manual
Hyundai,Hyundai Tucson 1.6 T-GDi Executive 2WD,2022,4,1,48222,Manual
Toyota,Toyota Auris,2014,12,106269,14972,Manual
Skoda,Skoda Fabia,2007,19,320000,7448,Automatic
Ford,Ford Focus 1.0 EcoBoost SYNC Edition ASS,2016,10,205000,24320,Manual
Ford,Ford Mondeo 2.0 TDCi Titanium,2013,13,150218,7182,Manual
Ford,Ford Fiesta 1.0 EcoBoost ST-Line,2015,11,77214,11362,Manual
Bentley,Bentley Continental GT Speed,2008,18,156663,94962,Automatic
Lamborghini,Lamborghini Murcielago E-Gear,2005,21,46950,589000,Automatic
Volkswagen,Volkswagen Touareg 3.0 V6 TFSI 4Mot Elegance,2019,7,115000,83562,Automatic
Volkswagen,Volkswagen New Beetle,2002,24,240000,3800,Manual
Opel,Opel Astra GTC 1.9 CDTI DPF Sport,2009,17,146000,6270,Manual
Dacia,Dacia Duster 1.5 dCi Comfort EDC,2018,8,86000,22762,Automatic
Volkswagen,Volkswagen Polo,2021,5,78560,17442,Manual
Opel,Opel Insignia,2019,7,169000,34580,Manual
Bentley,Bentley Continental Flying Spur W12,2013,13,167800,148162,Automatic
Peugeot,Peugeot 508,2015,11,49000,25042,Manual
Fiat,Fiat Tipo 1.4 Classic,2020,6,21000,14402,Manual
Skoda,Skoda Kamiq 1.5 TSI Ambition,2021,5,55184,43738,Manual
Hyundai,Hyundai i20,2010,16,214000,7182,Manual
Peugeot,Peugeot 3008 1.6 BlueHDi Active S&S EAT6,2018,8,190000,28576,Automatic
Maserati,Maserati Ghibli S Q4,2017,9,55000,41420,Automatic
Bentley,Bentley Bentayga,2019,7,12000,337820,Automatic
Peugeot,Peugeot 508 RXH Hybrid4,2014,12,290000,16568,Automatic
Renault,Renault Arkana,2022,4,10,46702,Automatic
BMW,BMW Seria 3 318d,2015,11,121000,28462,Automatic
Porsche,Porsche 911 Carrera Cabrio,2007,19,182000,41420,Manual
Peugeot,Peugeot 3008 1.2 PureTech Allure S&S EAT6,2017,9,144000,32186,Automatic
Porsche,Porsche Panamera 4S Executive,2016,10,47000,129162,Automatic
Opel,Opel Meriva 1.4 Cosmo,2014,12,171200,8702,Manual
Aston Martin,Aston Martin V8 Vantage Roadster Sportshift,2011,15,45600,119700,Automatic
Peugeot,Peugeot 3008 1.6 HDi Style,2011,15,178000,8626,Manual
Daihatsu,Daihatsu Materia 1.5,2007,19,198000,6042,Manual
Ford,Ford Focus 1.6 Trend,2016,10,239146,20862,Manual
Porsche,Porsche Boxster 2.5,1999,27,62400,18962,Manual
Mercedes-Benz,Mercedes-Benz CLA 250 7G-DCT,2019,7,85000,28462,Automatic
Mercedes-Benz,Mercedes-Benz Klasa E 220 d 4-Matic Business Edition,2021,5,71000,91200,Automatic
Bentley,Bentley Continental GT Speed,2014,12,60000,147820,Automatic
Maserati,Maserati GranTurismo MC Stradale,2011,15,84000,97660,Automatic
Volkswagen,Volkswagen Tiguan 2.0 TSI BMT 4Mot Highline DSG,2018,8,65226,43662,Automatic
Bentley,Bentley Bentayga Diesel,2018,8,49500,300162,Automatic
Volvo,Volvo C70,2014,12,206000,22002,Manual
BMW,BMW 3GT 318d Advantage,2015,11,115700,34143,Automatic
SEAT,Seat Leon,2021,5,2962,39482,Manual
Aston Martin,Aston Martin Rapide,2011,15,112,163020,Automatic
Volvo,Volvo S40 2.0D Summum,2000,26,250402,6840,Manual
Smart,Smart Forfour passion,2003,23,172000,4332,Manual
Opel,Opel Corsa Corsa-e GS Line,2023,3,5,61902,Automatic
Land Rover,Land Rover Range Rover Velar 2.0 SD4 R-Dynamic,2019,7,89700,79420,Automatic
Jeep,Jeep Wrangler 2.8 CRD Unlim Sahara,2013,13,115010,44080,Automatic
Volvo,Volvo C30 1.6D,2006,20,248000,5282,Manual
Porsche,Porsche 718 Boxster,2019,7,102,98420,Manual
Renault,Renault Laguna 2.0 dCi Bose Edition,2010,16,229000,9348,Manual
Bentley,Bentley Continental GT V8 S,2017,9,31641,233700,Automatic
Volvo,Volvo XC 40 D3 SCR,2019,7,140000,37962,Automatic
Ford,Ford Fiesta 1.0 EcoBoost GPF ST-Line ASS,2015,11,222000,23522,Manual
Kia,Kia Sportage 1.7 CRDI Business Line 2WD,2016,10,110000,29982,Manual
Ford,Ford Fiesta 1.0 EcoBoost S&S TITANIUM,2011,15,240000,11400,Manual
Volkswagen,Volkswagen Passat Variant 2.0 TDI SCR BlueMotion Comfortline,2019,7,71159,18240,Manual
Opel,Opel Insignia 2.0 CDTI Edition ecoFLEX S&S,2013,13,76000,12882,Manual
Opel,Opel Astra 1.7 CDTI DPF Active,2013,13,242123,10222,Manual
Toyota,Toyota Land Cruiser,1998,28,188000,22610,Automatic
Toyota,Toyota Aygo X 1.0 VVT-i Style,2022,4,10,30324,Manual
Renault,Renault Captur 1.0 TCe Intens,2022,4,1,30362,Manual
BMW,BMW Seria 4,2011,15,225000,45600,Automatic
Porsche,Porsche Boxster S,2009,17,97000,53195,Manual
Volvo,Volvo XC 60 D4 AWD R-Design Momentum,2019,7,163000,30400,Automatic
Renault,Renault Grand Scenic Gr 2.0 dCi Expression,2007,19,146000,6840,Automatic
Toyota,Toyota C-HR,2017,9,68088,50502,Automatic
Honda,Honda Jazz 1.4 i-VTEC i-Shift Exclusive,2008,18,214000,9310,Automatic
Renault,Renault Captur,2019,7,86535,17062,Manual
Mercedes-Benz,Mercedes-Benz Klasa C 200 d T 9G-TRONIC,2018,8,130000,33820,Automatic
Opel,Opel Astra,2007,19,126782,5130,Manual
Volvo,Volvo XC 60,2015,11,156000,52744,Automatic
Honda,Honda Jazz 1.2 Base,2007,19,175000,4636,Manual
Mercedes-Benz,Mercedes-Benz GLC,2019,7,61900,69920,Automatic
Porsche,Porsche Boxster 2.5,1999,27,62400,30400,Manual
Jeep,Jeep Renegade,2023,3,5,52022,Automatic
Bentley,Bentley Continental GT V8,2013,13,14500,94962,Automatic
BMW,BMW X2 sDrive18i Advantage,2021,5,4600,50084,Automatic
Porsche,Porsche Panamera GTS Sport Turismo,2020,6,57123,227962,Automatic
BMW,BMW Seria 7 750Ld xDrive,2017,9,160000,94620,Automatic
Bentley,Bentley Continental GT,2010,16,116000,113620,Automatic
Peugeot,Peugeot 2008 BlueHDi 100 STOP & START Business-Line,2018,8,25800,16226,Manual
Rover,Rover 75 R 2.5i V6,1999,27,239431,2090,Automatic
Porsche,Porsche 718 Cayman S,2018,8,44000,111340,Manual
Mercedes-Benz,Mercedes-Benz CLA AMG 45 4-Matic,2018,8,56100,54720,Automatic
Skoda,Skoda Octavia 2.0 TDI Ambition,2013,13,256000,17062,Manual
Volvo,Volvo XC 40,2020,6,101565,67982,Automatic
Opel,Opel Astra 1.6 Turbo Innovation,2011,15,178000,12084,Manual
Opel,Opel Zafira,2009,17,240000,7410,Automatic
BMW,BMW Seria 5,2013,13,132000,24662,Automatic
Mercedes-Benz,Mercedes-Benz Klasa G AMG 63,2019,7,69900,172900,Automatic
BMW,BMW Seria 3 330i Touring xDrive Edition M Sport Shadow,2016,10,49000,46170,Automatic
Opel,Opel Meriva,2005,21,192300,3382,Manual
Rover,Rover 75,2002,24,245600,1862,Manual
Bentley,Bentley Continental GT W12,2014,12,35000,113620,Automatic
Ferrari,Ferrari F430 Spider F1,2007,19,50000,224162,Automatic
Maserati,Maserati GranTurismo Sport,2014,12,108000,71440,Automatic
Bentley,Bentley Continental GT,2017,9,117852,490200,Automatic
Volvo,Volvo 850 2.5 GLE,1999,27,276000,5510,Manual
Hyundai,Hyundai Tucson,2008,18,228547,9082,Manual
Porsche,Porsche 911,2002,24,190000,79420,Manual
Renault,Renault Master,2012,14,136650,15542,Manual
Porsche,Porsche 911 Carrera Cabrio,2007,19,182000,41420,Manual
Peugeot,Peugeot 5008 BlueHDI 180 EAT8 GT,2018,8,168000,29830,Automatic
Honda,Honda HR-V 1.6 4WD,1997,29,310000,5624,Manual
Nissan,Nissan Patrol GR 2.8 TDI,1998,28,296000,11400,Manual
Volvo,Volvo XC 70,2008,18,442000,8360,Automatic
Ford,Ford Mondeo 1.5 EcoBoost Titanium,2017,9,89000,16222,Manual
Bentley,Bentley Bentayga W12,2017,9,117852,376200,Automatic
Renault,Renault Kadjar 1.2 Energy TCe Intens,2018,8,98000,13262,Manual
Toyota,Toyota Proace Verso 2.0 D4-D Long Business,2023,3,1,76186,Manual
Maserati,Maserati Coupe 4200 Cambiocorsa,2000,26,138123,37620,Automatic
Opel,Opel Vivaro,2010,16,80000,23522,Manual
Toyota,Toyota C-HR,2021,5,35762,39824,Automatic
BMW,BMW Seria 2,2015,11,212000,22382,Automatic
Aston Martin,Aston Martin Vantage,2013,13,43000,117800,Automatic
Saab,Saab 9-3,2006,20,238000,22762,Automatic
BMW,BMW Seria 3 318d,2018,8,108000,20862,Automatic
Volkswagen,Volkswagen Golf,2021,5,11000,59470,Automatic
Maserati,Maserati Quattroporte Q4,2015,11,93718,96900,Automatic
Opel,Opel Insignia,2010,16,205000,9842,Manual
Citroen,Citroën C3 1.2 PureTech Feel,2022,4,5321,25802,Manual
BMW,BMW X3 xDrive20d,2013,13,67000,18236,Automatic
Opel,Opel Insignia 2.0 CDTI Innovation S&S,2023,3,8630,30400,Manual
Bentley,Bentley Bentayga W12,2017,9,55688,300200,Automatic
Mazda,Mazda CX-3,2018,8,12062,30362,Automatic
Bentley,Bentley Continental GT,2017,9,52759,467400,Automatic
BMW,BMW Seria 5 520d xDrive Luxury Line,2015,11,155700,63042,Automatic
Opel,Opel Astra IV 1.6 Active,2018,8,160000,16302,Manual
Porsche,Porsche 911,2005,21,128000,87362,Automatic
Volkswagen,Volkswagen T-Roc 1.5 TSI ACT Advance,2020,6,24000,37202,Manual
Porsche,Porsche 718 Cayman S,2018,8,44000,111340,Manual
Mercedes-Benz,Mercedes-Benz CLS,2010,16,258000,22382,Automatic
SEAT,Seat Exeo 2.0 TDI DPF Sport,2013,13,126000,2774,Manual
Aston Martin,Aston Martin Vantage,2013,13,43000,151620,Automatic
Maserati,Maserati Ghibli S Q4 GranSport,2019,7,55500,95000,Automatic
Toyota,Toyota Avensis 2.0 D-4D Active Business,2015,11,265000,16302,Manual
Maserati,Maserati Ghibli S,2015,11,143000,52820,Automatic
SEAT,Seat Arona,2020,6,15975,36340,Manual
Toyota,Toyota Corolla Verso 1.8 Sol 7os MM,2006,20,225000,6574,Automatic
Peugeot,Peugeot 308 1.6 BlueHDi Active S&S,2015,11,159172,10450,Manual
Jeep,Jeep Renegade,2016,10,102500,32262,Manual
Volkswagen,Volkswagen Touran 1.6 TDI DPF BlueMotion Technology Cup,2013,13,129000,11362,Manual
Volkswagen,Volkswagen Amarok DC 2.0 BiTDI 4Mot Highline,2010,16,283000,30400,Automatic
Bentley,Bentley Continental GT,2015,11,50000,429020,Automatic
Toyota,Toyota Corolla,2021,5,120537,37962,Automatic
Peugeot,Peugeot 308 1.2 PureTech GPF Allure Pack S&S EAT8,2021,5,29000,48560,Automatic
Volvo,Volvo C30,2012,14,259000,11400,Manual
Volkswagen,Volkswagen Touran 1.4 TSI Comfortline Perfectline,2012,14,166910,13984,Manual
BMW,BMW X4,2019,7,47000,81662,Automatic
Peugeot,Peugeot 508 SW BlueHDi 180 EAT6 Stop&Start Allure,2018,8,75776,17822,Automatic
SEAT,Seat Alhambra 1.9 TDi Luxus,1999,27,290072,1900,Manual
Volvo,Volvo XC 60 D5 AWD Summum,2014,12,186940,30362,Automatic
Renault,Renault Koleos,2008,18,211045,9939,Automatic
Porsche,Porsche 911,1999,27,175777,35720,Automatic
Ford,Ford Focus 1.5 TDCi SYNC Edition ASS,2015,11,185191,14782,Manual
Bentley,Bentley Continental GT New,2019,7,12000,452200,Automatic
SEAT,Seat Ibiza SC 1.2 TSI FR,2016,10,254220,11020,Manual
BMW,BMW X5 xDrive40d,2013,13,210000,57000,Automatic
Peugeot,Peugeot 508,2015,11,107000,17062,Automatic
Opel,Opel Meriva 1.6 Enjoy,2006,20,157000,4636,Manual
Citroen,Citroën C2,2003,23,296340,2850,Automatic
Hyundai,Hyundai I30 1.6 CRDi Classic,2012,14,210476,5092,Manual
Alfa Romeo,Alfa Romeo Stelvio 2.0 Turbo Veloce Q4,2022,4,1,87240,Automatic
Renault,Renault Megane 1.6 16V 110 Authentique,2011,15,199000,8702,Manual
Nissan,Nissan Micra 1.2 Acenta EU6,2016,10,200296,11742,Manual
Ford,Ford Fiesta 1.4 Gold X EU5,2013,13,224715,9044,Manual
Opel,Opel Insignia 1.6 CDTI,2019,7,122000,15466,Automatic
Aston Martin,Aston Martin V8 Vantage,2006,20,69000,106023,Manual
Infiniti,Infiniti G G37 AWD GT Premium,2005,21,270000,11514,Automatic
Maserati,Maserati Ghibli,2017,9,112773,28500,Automatic
Porsche,Porsche Cayenne S,2007,19,156900,6384,Manual
Ford,Ford Transit Connect,2017,9,170000,9082,Manual
Bentley,Bentley Continental GT W12,2013,13,29201,147820,Automatic
Bentley,Bentley Bentayga,2019,7,51354,220400,Automatic
Opel,Opel Grandland X 1.2 T GPF Design Line S&S,2022,4,5220,36822,Automatic
Toyota,Toyota Verso 1.6 D-4D 5-Sitzer Start/Stop Skyview Edition,2011,15,157000,16302,Manual
Volvo,Volvo V70,2011,15,164000,16682,Manual
Toyota,Toyota Corolla,2021,5,30138,32262,Manual
Maserati,Maserati Quattroporte S Q4,2018,8,78300,89680,Automatic
Maserati,Maserati Ghibli,2018,8,130000,18962,Automatic
Opel,Opel Combo Tour 1.6 CDTI Cosmo,2012,14,192000,12502,Manual
Peugeot,Peugeot 3008 1.6 BlueHDi Style S&S,2015,11,66000,18962,Manual
Porsche,Porsche 911,2008,18,178000,94620,Automatic
Opel,Opel Corsa,2007,19,131820,1140,Manual
Volvo,Volvo XC 40,2020,6,45928,45562,Manual
Hyundai,Hyundai I30 1.6 GDI Premium,2013,13,228000,12882,Manual
Porsche,Porsche Boxster,1997,29,223000,18962,Manual
Peugeot,Peugeot 106 1.1 Classic,1996,30,166200,1482,Manual
Maserati,Maserati Ghibli S Q4,2014,12,52100,51300,Automatic
SEAT,Seat Leon,2014,12,220000,7562,Manual
BMW,BMW X5 4.0d xDrive,2011,15,440000,28496,Automatic
Toyota,Toyota Land Cruiser,2013,13,212000,57000,Automatic
Volkswagen,Volkswagen Sharan 2.0 TDI Highline,2007,19,359000,10222,Manual
Maserati,Maserati GranTurismo S Automatik,2014,12,64000,85500,Automatic
Hyundai,Hyundai ix35 1.6 GDI Classic 2WD,2013,13,245622,16150,Manual
Ferrari,Ferrari 612 Scaglietti F1,2008,18,44000,189620,Automatic
BMW,BMW Seria 4 420d M Sport sport,2015,11,115000,53200,Automatic
Volkswagen,Volkswagen Transporter,2009,17,280000,11020,Manual
Volvo,Volvo XC 60,2021,5,31891,72162,Automatic
Volvo,Volvo V60 D4 Momentum,2016,10,213000,22002,Manual
Mercedes-Benz,Mercedes-Benz Sprinter 316 CDI (BlueTec) 906.233 7G-TRONIC Plus,2018,8,43113,37392,Automatic
Mercedes-Benz,Mercedes-Benz GLC 220 d 4-Matic,2019,7,46000,53162,Automatic
Maserati,Maserati GranTurismo S Automat,2011,15,69999,89300,Automatic
Mercedes-Benz,Mercedes-Benz Klasa C 180 T Kompr Classic,2001,25,270000,5890,Manual
Volkswagen,Volkswagen Tiguan 2.0 TDI SCR 4Mot Elegance DSG,2022,4,14124,80327,Automatic
Ford,Ford Focus Turnier 1.0 EcoBoost Start-Stopp-System COOL&CONNECT,2013,13,170000,10602,Manual
Mercedes-Benz,Mercedes-Benz AMG GT 43 4-Matic+,2023,3,10,281770,Automatic
Aston Martin,Aston Martin Vantage,2013,13,43000,151620,Automatic
Kia,Kia Ceed 1.6 CRDi 136 ISG SW Dream Team Edition,2017,9,69796,17100,Manual
Porsche,Porsche 911,1998,28,57000,53200,Automatic
Volvo,Volvo V40 CC D2 Drive-E Momentum,2017,9,188000,19950,Manual
Porsche,Porsche 911 Carrera S,2007,19,168000,102220,Manual
BMW,BMW X1,2019,7,36650,34162,Automatic
Hyundai,Hyundai i20,2021,5,39866,19760,Manual
Maserati,Maserati Quattroporte Q4 GranLusso,2019,7,55500,147820,Automatic
Opel,Opel Mokka 1.7 CDTI Cosmo S&S 4x4,2013,13,171500,16682,Manual
Nissan,Nissan Qashqai 1.6 DIG-T N-Tec,2016,10,149000,26562,Manual
Toyota,Toyota Yaris,2017,9,63226,17100,Manual
Mercedes-Benz,Mercedes-Benz ML 320 CDI 4-Matic,2005,21,361538,12122,Automatic
SEAT,Seat Ibiza,2016,10,85000,20140,Manual
Porsche,Porsche Boxster,1999,27,175777,23902,Automatic
Peugeot,Peugeot 208 1.2 PureTech GT S&S EAT8,2021,5,11584,39406,Automatic
Volkswagen,Volkswagen Golf 1.4 Comfortline,2007,19,184000,5510,Manual
Volkswagen,Volkswagen Passat 2.0 FSI Highline,2009,17,240000,5662,Manual
Mercedes-Benz,Mercedes-Benz EQE AMG 43 4-Matic,2022,4,3152,212420,Automatic
Bentley,Bentley Continental GT V8 S,2018,8,27500,142500,Automatic
Porsche,Porsche 911 Carrera 4,1997,29,223000,72010,Manual
Ferrari,Ferrari 812 GTS,2022,4,9500,946200,Automatic
Mercedes-Benz,Mercedes-Benz Vito,2016,10,132000,41762,Automatic
Toyota,Toyota Yaris,2019,7,82820,15542,Manual
Opel,Opel Meriva 1.7 CDTI Enjoy,2009,17,271000,5662,Manual
Porsche,Porsche 911,1998,28,57000,41762,Automatic
Ferrari,Ferrari 612 Scaglietti F1,2008,18,44000,189620,Automatic
Toyota,Toyota Corolla,2022,4,5,39843,Automatic
Maserati,Maserati Quattroporte Diesel,2011,15,84000,75924,Automatic
Ferrari,Ferrari 612 Scaglietti F1,2008,18,39000,186493,Automatic
Ferrari,Ferrari 488,2017,9,27000,437000,Automatic
MINI,MINI ONE Standard,2009,17,181000,8322,Automatic
SEAT,Seat Alhambra 2.0 TDI Ecomotive Style Advanced,2018,8,68000,33402,Manual
Volkswagen,Volkswagen Tiguan 2.0 TDI BMT SCR Comfortline DSG,2019,7,143200,33060,Automatic
Renault,Renault Clio 1.0 TCe Intens,2021,5,30980,30362,Manual
Mercedes-Benz,Mercedes-Benz Klasa E 400 Coupe 4-Matic 9G-TRONIC,2016,10,111000,80142,Automatic
Fiat,Fiat 500,2013,13,84842,13680,Automatic
Opel,Opel Crossland X,2021,5,7100,31871,Manual
Kia,Kia Ceed,2019,7,93772,31882,Automatic
Alfa Romeo,Alfa Romeo 147 1.9 JTD 16V Black Line,2008,18,130000,5700,Manual
Volkswagen,Volkswagen Tiguan,2021,5,30000,52402,Automatic
Volkswagen,Volkswagen Passat,2019,7,48500,55100,Automatic
Mercedes-Benz,Mercedes-Benz Klasa E,2014,12,99950,13680,Automatic
Aston Martin,Aston Martin V8 Vantage Roadster N400 Sportshift,2005,21,84479,93100,Automatic
Honda,Honda HR-V 1.6 i-DTEC Executive (ADAS),2015,11,286000,28880,Manual
Honda,Honda Accord 2.0 Executive,2008,18,295000,6422,Automatic
Porsche,Porsche 911 Carrera S Cabrio,2016,10,20624,82840,Manual
Porsche,Porsche 911,2005,21,105000,128535,Manual
Porsche,Porsche 718 Boxster,2019,7,102,117420,Manual
BMW,BMW Seria 3 320d Efficient Dynamic Edition Sport Line,2019,7,93800,25802,Automatic
Bentley,Bentley Continental GT V8 S,2014,12,60000,143555,Automatic
Peugeot,Peugeot 206 CC 1.6,2004,22,197000,4180,Automatic
Honda,Honda Accord 2.2i-CTDi Executive,2007,19,154579,5662,Manual
Toyota,Toyota Hilux,2019,7,48321,30210,Manual
Aston Martin,Aston Martin V8 Vantage Roadster Sportshift,2010,16,35248,132924,Automatic
Ford,Ford Focus 1.6 EcoBoost Gold X (Trend),2011,15,175607,12730,Manual
Toyota,Toyota Verso 1.6 Active,2011,15,235000,17404,Manual
Hyundai,Hyundai i40 1.7 CRDi blue Style,2012,14,219000,10222,Manual
Opel,Opel Corsa 1.2 Elegance S&S,2023,3,2100,29982,Manual
Opel,Opel Insignia 1.8 Elegance,2007,19,239441,11362,Manual
Ford,Ford Focus 1.5 EcoBoost Titanium ASS,2016,10,109890,18202,Manual
Maserati,Maserati Quattroporte,2000,26,138123,30362,Automatic
Toyota,Toyota Aygo 1.0 VVT-i X-cite,2017,9,114449,14440,Manual
Porsche,Porsche 911 Carrera Cabrio,1999,27,154000,121600,Manual
Nissan,Nissan Qashqai 2.0 4x4 Tekna CVT,2006,20,215000,12882,Automatic
Mercedes-Benz,Mercedes-Benz Klasa E 400,2017,9,99000,41800,Automatic
Volkswagen,Volkswagen Caddy 1.6 TDI (5-Si.) BMT Edition 30,2017,9,115000,16910,Manual
Volvo,Volvo V90 Cross Country D4 AWD Geartronic,2018,8,69000,58425,Automatic
Ford,Ford Mustang,1997,29,180000,5890,Automatic
Peugeot,Peugeot Partner 1.6 HDi Trendy,2012,14,194822,9462,Manual
Cadillac,Cadillac Escalade 6.2 V8 Sport Luxury,2007,19,149200,32300,Automatic
Ford,Ford S-Max 2.0 TDCi Titanium,2016,10,168900,24282,Manual
Mercedes-Benz,Mercedes-Benz Klasa S 400 d 4-Matic 9G-TRONIC,2023,3,5,286938,Automatic
Volvo,Volvo V70,1996,30,333000,3002,Manual
Opel,Opel Insignia 1.6 CDTI Enjoy S&S Eco,2018,8,74500,26030,Automatic
Volkswagen,Volkswagen Scirocco 2.0 TSI BMT DSG,2019,7,37590,26220,Automatic
BMW,BMW Seria 3,2018,8,77518,39862,Automatic
Porsche,Porsche 911 Carrera,2018,8,44000,127300,Manual
Volkswagen,Volkswagen Passat 1.6 TDI BMT Trendline,2017,9,88000,22762,Manual
Peugeot,Peugeot 106 1.4 Sport,1999,27,175000,3382,Manual
Skoda,Skoda Octavia 1.5 TSI ACT Style,2020,6,38000,49115,Manual
Volkswagen,Volkswagen Golf Plus,2012,14,199999,12882,Manual
Peugeot,Peugeot Partner Tepee BlueHDi 100 Stop&Start Active,2016,10,104500,9082,Manual
Ford,Ford Kuga 1.5 EcoBoost FWD ST-Line,2020,6,81000,51897,Manual
Peugeot,Peugeot 308 1.6 HDi Premium Plus,2010,16,188213,6384,Manual
Mazda,Mazda 6 1.8 Active,2001,25,139000,1178,Manual
Porsche,Porsche 911 Carrera 4S Cabrio,2008,18,36000,102220,Manual
Hyundai,Hyundai ix20,2014,12,256000,12122,Manual
Bentley,Bentley Continental GT V8,2017,9,25000,273562,Automatic
Mercedes-Benz,Mercedes-Benz Klasa B 180 CDI 7G-DCT,2010,16,226000,17442,Automatic
Ford,Ford Galaxy 2.0 Business Edition,2013,13,191832,10602,Manual
Kia,Kia Sportage 1.6 GDI M 2WD,2016,10,130000,34162,Manual
Aston Martin,Aston Martin Rapide S,2011,15,62700,102220,Automatic
Hyundai,Hyundai Tucson,2016,10,129000,20472,Manual
Volkswagen,Volkswagen Polo 1.6 TDI Blue Motion Technology Highline,2010,16,167535,9956,Manual
Peugeot,Peugeot 308,2010,16,249775,7600,Manual
Kia,Kia Ceed 1.6 T-GDI GT-Challenge,2018,8,69678,23142,Manual
Porsche,Porsche 911 Carrera S,2016,10,10655,216220,Manual
Audi,Audi Q3 35 TFSI mHEV S tronic,2022,4,7000,72162,Automatic
Porsche,Porsche Panamera GTS,2019,7,61000,114000,Automatic
Opel,Opel Mokka 1.7 CDTI Cosmo,2014,12,139000,20140,Automatic
Kia,Kia Sportage,2020,6,26000,37240,Manual
Mercedes-Benz,Mercedes-Benz CLK 320 Elegance,2003,23,320000,26980,Automatic
Opel,Opel Astra,2001,25,215000,3420,Manual
Mercedes-Benz,Mercedes-Benz GLC 300 4-Matic,2017,9,77300,40280,Automatic
Bentley,Bentley Continental GT New,2019,7,12000,452200,Automatic
Porsche,Porsche 911 Carrera,1999,27,207000,170620,Manual
BMW,BMW X5 M,2023,3,1,230242,Automatic
Mercedes-Benz,Mercedes-Benz Klasa S AMG 63 4-Matic+ L,2018,8,79000,220400,Automatic
Maserati,Maserati Quattroporte S,2019,7,41000,60757,Automatic
Lamborghini,Lamborghini Gallardo Spyder E-Gear,2005,21,46950,300200,Automatic
Opel,Opel Mokka 1.6 CDTI Enjoy S&S,2018,8,206789,23522,Manual
Volkswagen,Volkswagen Golf GTD BlueMotion Technology DSG,2016,10,146059,35530,Automatic
Volvo,Volvo V50 2.0 Sport,2009,17,209000,6460,Manual
Porsche,Porsche 911,2006,20,170500,60420,Automatic
Toyota,Toyota Corolla 1.6 Luna,2010,16,158000,9842,Manual
Porsche,Porsche Panamera Turbo,2010,16,234000,64562,Automatic
Fiat,Fiat Grande Punto,2008,18,212500,4028,Manual
Citroen,Citroën C3,2020,6,100500,25840,Manual
Volkswagen,Volkswagen T-Roc,2023,3,1,46436,Manual
Volkswagen,Volkswagen Touran 1.4 TSI Trendline,2013,13,81550,18981,Manual
Renault,Renault Captur,2017,9,105000,17556,Manual
MINI,MINI Cooper S,2007,19,140000,17062,Automatic
Maserati,Maserati Levante S,2017,9,55000,119700,Automatic
SEAT,Seat Leon,2018,8,39000,26562,Manual
BMW,BMW X3 xDrive20d,2022,4,10,99995,Automatic
Maserati,Maserati Ghibli,2014,12,151665,44042,Automatic
Opel,Opel Astra III 1.8 Enjoy,2001,25,250000,2660,Manual
BMW,BMW Seria 3 320d,2018,8,91700,39862,Automatic
SEAT,Seat Leon,2016,10,156110,17062,Manual
Bentley,Bentley Continental GT Standard,2006,20,95000,62864,Automatic
Hyundai,Hyundai i40 1.7 CRDi Comfort +,2013,13,146000,14782,Manual
Renault,Renault Megane II 1.6 16V Expression,2003,23,200000,4138,Automatic
Maserati,Maserati Ghibli Diesel,2014,12,80000,37620,Automatic
Maserati,Maserati Ghibli,2019,7,30000,68362,Automatic
Peugeot,Peugeot 508 2.0 BlueHDi RXH S&S,2019,7,170000,21850,Automatic
Peugeot,Peugeot 3008 2.0 BlueHDi GT S&S EAT6,2015,11,71000,36480,Automatic
Bentley,Bentley Continental GT,2005,21,122000,127300,Automatic
Mercedes-Benz,Mercedes-Benz SL 320,1998,28,189560,24396,Automatic
Maserati,Maserati Quattroporte DuoSelect,2008,18,30600,37620,Automatic
Bentley,Bentley Continental GT Speed,2013,13,29201,121600,Automatic
Peugeot,Peugeot 3008,2015,11,134000,21242,Automatic
Peugeot,Peugeot 2008 1.2 Pure Tech Allure S&S EAT6,2016,10,194800,21964,Automatic
BMW,BMW i8,2018,8,106810,113620,Automatic
Land Rover,Land Rover Discovery IV 3.0D V6 HSE,2010,16,298000,32718,Automatic
Ford,Ford Tourneo Connect,2011,15,168000,11970,Manual
Opel,Opel Zafira 1.8 Family,2009,17,282000,5130,Manual
Nissan,Nissan Patrol,1995,31,229394,25650,Automatic
Opel,Opel Astra II 1.6 Elegance,1995,31,156265,3382,Automatic
Nissan,Nissan Qashqai 1.6 DCi Xtronic TEKNA,2012,14,220260,21128,Automatic
Opel,Opel Astra GTC 1.6 Black&White,2009,17,233500,6802,Manual
Hyundai,Hyundai Bayon 1.0 T-GDI Smart,2021,5,41673,33440,Manual
Aston Martin,Aston Martin Rapide S,2011,15,62700,102220,Automatic
Volkswagen,Volkswagen Passat 1.9 TDI Trendline,2007,19,339400,6802,Manual
Opel,Opel Astra 1.4 Turbo Style,2014,12,96869,14022,Manual
Bentley,Bentley Continental GT Speed,2014,12,79000,151620,Automatic
Volkswagen,Volkswagen Polo 1.2 Trendline,2012,14,237000,5890,Manual
Opel,Opel Vivaro 2.0 CDTI L1H1 DPF Tour Cosmo,2012,14,95000,18050,Manual
Maserati,Maserati Ghibli S Q4,2014,12,215000,53200,Automatic
Ford,Ford Mondeo,2013,13,171120,7980,Manual
Maserati,Maserati Quattroporte S,2019,7,62223,90820,Automatic
Peugeot,Peugeot 508,2012,14,193648,12654,Manual
Volkswagen,Volkswagen Passat,2019,7,134755,44802,Automatic
SEAT,Seat Arona 1.0 TSI GPF FR S&S DSG,2017,9,219000,29602,Automatic
Maserati,Maserati GranTurismo Sport,2014,12,52100,68400,Automatic
BMW,BMW Seria 5 520i mHEV,2023,3,1,101802,Automatic
Peugeot,Peugeot 607 2.2 HDI Tiptronic,2004,22,150000,3990,Automatic
Mazda,Mazda 3,2018,8,102068,24130,Automatic
Volkswagen,Volkswagen Golf,2018,8,123500,27322,Manual
Skoda,Skoda Octavia,2017,9,80000,22382,Automatic
Mercedes-Benz,Mercedes-Benz CLS 500,2005,21,205000,21470,Automatic
Ford,Ford S-Max,2012,14,170000,14402,Manual
Opel,Opel Astra,2017,9,138188,17442,Manual
Audi,Audi A4 Avant 2.0 TDI,2009,17,181000,6384,Manual
BMW,BMW X5 xDrive40i,2021,5,10000,132240,Automatic
Mercedes-Benz,Mercedes-Benz Klasa C 250 (BlueTEC) d 4Matic T 7G-TRONIC,2014,12,210000,19000,Automatic
Hyundai,Hyundai Santa Fe 2.4 GLS 2WD,2009,17,188000,5320,Manual
Volkswagen,Volkswagen Touran 2.0 TDI BMT Highline DSG,2019,7,28333,40242,Automatic
Hyundai,Hyundai I30 1.4 T-GDI GPF Comfort,2019,7,105700,27303,Manual
MINI,MINI Cooper,2008,18,162000,12464,Automatic
Volkswagen,Volkswagen Passat,2012,14,270000,14630,Manual
BMW,BMW X3 xDrive20d M Sport sport,2022,4,6500,75240,Automatic
Rover,Rover 214,1999,27,249871,741,Manual
Hyundai,Hyundai I30 1.6 CRDi Classic,2013,13,157332,5586,Manual
Volkswagen,Volkswagen Golf Plus,2007,19,174540,8736,Manual
Mercedes-Benz,Mercedes-Benz Klasa V 250 d 4-Matic Exclusive 7G-Tronic,2015,11,121200,81748,Automatic
Opel,Opel Omega,1997,29,217200,7182,Automatic
Peugeot,Peugeot 5008 1.6 HDi Access,2011,15,258000,9880,Manual
BMW,BMW M5 CS,2022,4,2100,323000,Automatic
Porsche,Porsche Boxster 2.5,1999,27,62400,18962,Manual
Opel,Opel Corsa,2013,13,120923,7562,Manual
Mercedes-Benz,Mercedes-Benz GLE 300 d 4-Matic,2021,5,10820,113962,Automatic
Maserati,Maserati GranCabrio Sport,2018,8,67254,125020,Automatic
Renault,Renault Austral,2022,4,11,65778,Automatic
Opel,Opel Grandland X,2023,3,5,33060,Automatic
Bentley,Bentley Bentayga,2017,9,65000,311220,Automatic
BMW,BMW Seria 5,2003,23,298000,8170,Automatic
Kia,Kia Sportage 1.7 CRDI Business Line 2WD,2017,9,159013,26562,Manual
Volvo,Volvo S90 D4 AWD Inscription,2018,8,55000,33668,Automatic
Volvo,Volvo XC 60,2019,7,156247,63042,Automatic
Jeep,Jeep Avenger,2022,4,1,47236,Manual
Opel,Opel Zafira,2009,17,180000,3990,Manual
Volkswagen,Volkswagen Tiguan 2.0 TSI 4Mot Perfectline R-Style DSG,2014,12,243000,37620,Automatic
BMW,BMW Seria 5 530i xDrive M Sport sport,2018,8,90000,55480,Automatic
Hyundai,Hyundai ix35 1.7 CRDi Premium 2WD,2013,13,48358,20102,Manual
SEAT,Seat Leon 2.0 TDI FR,2016,10,110369,18616,Manual
Daihatsu,Daihatsu Cuore 1.0 Plus,2008,18,282000,2242,Manual
Ford,Ford Focus,2019,7,28690,16302,Manual
Hyundai,Hyundai ix20 1.4 5 Star Edition,2010,16,266000,10222,Manual
Bentley,Bentley Arnage,1999,27,154284,22800,Automatic
Mercedes-Benz,Mercedes-Benz Klasa E 220 BlueTEC 7G-TRONIC Avantgarde,2014,12,174200,29944,Automatic
Opel,Opel Insignia 2.0 CDTI Active,2013,13,186000,12882,Manual
Maserati,Maserati 3200,2001,25,86000,56924,Automatic
Opel,Opel Astra 1.2 T Elegance S&S,2020,6,39400,46322,Manual
Honda,Honda CR-V 2.0 Rvi 4WD,1996,30,59000,1862,Manual
Smart,Smart Fortwo & passion,1999,27,140000,950,Automatic
Opel,Opel Meriva 1.4 ecoflex Edition,2012,14,150700,10602,Manual
Opel,Opel Zafira 1.4 T Cosmo,2016,10,98500,21964,Manual
Dacia,Dacia Duster 1.5 dCi Laureate,2012,14,176543,15542,Manual
Bentley,Bentley Continental GT V8 S,2017,9,70125,140220,Automatic
Lamborghini,Lamborghini Gallardo Spyder E-Gear,2014,12,13000,109820,Automatic
Ferrari,Ferrari F430 Spider F1,2007,19,50000,224352,Automatic
Volkswagen,Volkswagen T-Roc,2022,4,6,58273,Automatic
Nissan,Nissan Qashqai,2011,15,116000,14402,Manual
Mercedes-Benz,Mercedes-Benz CLS 500,2007,19,265000,31882,Automatic
Maserati,Maserati Levante S,2017,9,64780,129200,Automatic
Hyundai,Hyundai i20 1.0 T-GDi N Line,2022,4,7,34960,Manual
Mercedes-Benz,Mercedes-Benz GLK 220 CDI BlueEff 4-Matic,2013,13,55000,34162,Automatic
Ford,Ford Focus,2014,12,244155,11400,Manual
Honda,Honda CR-V 1.5 Comfort 2WD,2018,8,49900,41762,Manual
Renault,Renault Captur,2019,7,65366,7562,Automatic
Bentley,Bentley Continental GT,2018,8,58000,414200,Automatic
Bentley,Bentley Continental GT Speed,2014,12,79000,167162,Automatic
Opel,Opel Frontera,1996,30,246600,10222,Automatic
Ford,Ford Transit Custom,2019,7,117000,30362,Manual
Volkswagen,Volkswagen Scirocco 2.0 TDI (Blue Motion Technologie) Sound,2017,9,139780,22335,Manual
Opel,Opel Insignia,2018,8,72700,18240,Manual
Bentley,Bentley Continental GT Supersports,2018,8,27500,485260,Automatic
BMW,BMW Seria 3 320d xDrive MHEV M Sport sport,2021,5,19000,72162,Automatic
Toyota,Toyota Camry,2022,4,14300,53284,Automatic
BMW,BMW X4 xDrive25d sport,2015,11,137228,81662,Automatic
BMW,BMW Seria 8 M850i xDrive,2023,3,5,147440,Automatic
Volkswagen,Volkswagen Caddy 2.0 TDI Trendline,2016,10,103754,22344,Manual
Toyota,Toyota Corolla,2021,5,26109,58444,Automatic
Toyota,Toyota Auris 1.33 VVT-i Terra Start,2013,13,244323,11742,Manual
Maserati,Maserati Levante S,2017,9,65235,45600,Automatic
Volkswagen,Volkswagen Transporter,1996,30,533964,22800,Manual
Volvo,Volvo XC 40 D3 R-Design,2021,5,33000,52250,Automatic
Nissan,Nissan Micra 1.2 Tekna,2016,10,166796,10602,Manual
MINI,MINI Cooper,2008,18,156610,8208,Manual
Nissan,Nissan Qashqai 1.3 DIG-T mHEV N-Connecta,2021,5,27300,50426,Manual
SEAT,Seat Toledo 2.3 V5,1999,27,208365,1330,Manual
Volkswagen,Volkswagen Golf VII 1.6 TDI BMT Comfortline,2015,11,92712,17670,Manual
Renault,Renault Megane 1.5 Blue dCi Business,2016,10,241325,20102,Manual
Volkswagen,Volkswagen Caravelle,2013,13,124900,36480,Automatic
Ford,Ford Focus 1.5 EcoBoost ST-Line Business,2019,7,113900,33820,Manual
Opel,Opel Agila 1.0 Enjoy,2009,17,129645,5092,Manual
Mercedes-Benz,Mercedes-Benz Klasa S 560 4-Matic L 9G-TRONIC,2019,7,122000,166820,Automatic
Volkswagen,Volkswagen Caddy,2012,14,181000,11171,Manual
BMW,BMW Seria 7 740i L,2011,15,378000,25840,Automatic
SEAT,Seat Tarraco 1.5 Eco TSI EVO Style S&S,2015,11,150000,47082,Manual
Renault,Renault Clio,2003,23,114000,4256,Automatic
Opel,Opel Astra 1.6 CDTI DPF ecoFLEX Sports TourerStart/Stop Exklusiv,2016,10,169000,18202,Manual
Nissan,Nissan Note 1.4 Acenta,2007,19,257000,6308,Manual
Renault,Renault Megane 1.6 SCe Zen,2016,10,100576,22002,Manual
Porsche,Porsche 911 GT3 RS,2007,19,75166,322966,Manual
MINI,MINI ONE Standard,2008,18,196000,4180,Manual
Renault,Renault Grand Scenic,2013,13,219000,7562,Manual
Ferrari,Ferrari 488,2018,8,24500,494000,Automatic
Renault,Renault Megane 1.3 TCe FAP Intens,2017,9,93125,27702,Manual
Maserati,Maserati Quattroporte S Q4,2013,13,110440,75924,Automatic
Mercedes-Benz,Mercedes-Benz GLS 400 d 4Matic 9G-TRONIC,2022,4,12730,209000,Automatic
SEAT,Seat Leon 1.2 TSI Reference,2017,9,90000,10640,Manual
Toyota,Toyota Highlander 2.5 Prestige,2023,3,5,107160,Automatic
Mercedes-Benz,Mercedes-Benz Klasa E,2007,19,109000,7144,Automatic
Ford,Ford Fiesta,2011,15,140000,10640,Manual
Skoda,Skoda Octavia 2.0 TDI Ambition,2021,5,5637,46040,Manual
Peugeot,Peugeot 5008 1.6 THP Premium,2012,14,160000,12540,Automatic
Alfa Romeo,Alfa Romeo Giulietta 1.4 TB 16V Multiair TCT Sprint,2012,14,220000,15580,Automatic
Mazda,Mazda Xedos 9 2.5 Exclusiv,2004,22,150000,2470,Automatic
Porsche,Porsche Panamera GTS,2015,11,108000,110960,Automatic
Ford,Ford Focus 1.6 TDCi Ambiente,2012,14,169500,8702,Manual
Mercedes-Benz,Mercedes-Benz GLC 220 d 4-Matic,2019,7,139100,56962,Automatic
Maserati,Maserati Ghibli S Q4,2016,10,46436,48610,Automatic
Hyundai,Hyundai i40 Kombi blue 1.7 CRDi Premium,2014,12,500520,14782,Manual
Aston Martin,Aston Martin V8 Vantage Roadster Sportshift,2010,16,35248,132924,Automatic
Volvo,Volvo XC 60 B4 D Momentum,2017,9,207000,37582,Automatic
Volkswagen,Volkswagen T-Roc 1.5 TSI Life,2022,4,10,46083,Manual
Kia,Kia Ceed Cee'd 1.4 CRDi M,2014,12,99000,12350,Manual
Opel,Opel Vectra 1.9 CDTI Cosmo,2009,17,233500,1330,Manual
Volkswagen,Volkswagen Polo,2005,21,274401,6042,Manual
Renault,Renault Modus 1.6 16V Dynamique,2003,23,319000,4180,Automatic
Honda,Honda Accord 1.8,1998,28,252900,946,Manual
Bentley,Bentley Bentayga,2019,7,51354,115900,Automatic
Porsche,Porsche 911,1998,28,57000,41762,Automatic
Hyundai,Hyundai I30,2021,5,12000,28462,Manual
Opel,Opel Astra IV 1.6 Cosmo,2011,15,186000,7980,Manual
Volvo,Volvo XC 90 B5 D AWD Ultimate Bright 7os,2020,6,76591,140562,Automatic
Ford,Ford Focus 1.0 EcoBoost ST-Line ASS,2016,10,214000,32642,Manual
Volkswagen,Volkswagen Golf,2015,11,249000,22762,Manual
BMW,BMW X3,2016,10,132630,64562,Automatic
Chevrolet,Chevrolet Tahoe,2006,20,61111,19000,Automatic
Peugeot,Peugeot 208 E-HDi 92 Stop&Start Style,2010,16,236626,10222,Manual
Opel,Opel Crossland X 1.2 T Edition S&S,2018,8,180000,25650,Automatic
Volvo,Volvo S60 2.4D5 Diament,2007,19,261000,6460,Manual
Toyota,Toyota C-HR 1.8 Hybrid Dynamic,2018,8,82000,41762,Automatic
Honda,Honda Civic 1.5 T Elegance,2015,11,168000,30362,Manual
Opel,Opel Meriva 1.7 CDTI Cosmo,2014,12,227930,9462,Manual
Aston Martin,Aston Martin Rapide,2011,15,112,163020,Automatic
Ferrari,Ferrari 488,2016,10,82801,490200,Automatic
Opel,Opel Grandland X 1.2 Start/Stop Edition,2016,10,313000,28842,Manual
Toyota,Toyota Aygo,2020,6,19600,16716,Manual
Toyota,Toyota Hilux 2.4 D-4D Double Cab DL 4x4,2016,10,206700,94962,Manual
Porsche,Porsche Cayenne,2007,19,88000,23180,Automatic
Renault,Renault Arkana,2021,5,11134,44422,Automatic
Ford,Ford Mondeo 1.5 EcoBoost ST-Line X,2019,7,93850,32661,Manual
Ferrari,Ferrari 612 Scaglietti F1,2008,18,39000,186493,Automatic
Opel,Opel Astra,2011,15,180300,9842,Manual
Hyundai,Hyundai ix20,2014,12,223100,9310,Manual
Skoda,Skoda RAPID 1.4 TSI Ambition Max DSG,2014,12,22598,12540,Automatic
Opel,Opel Astra,2015,11,30500,24700,Automatic
Porsche,Porsche 911 GT3,2016,10,20624,330600,Manual
Opel,Opel Insignia 2.0 CDTI 4x4 Automatik Business Innovation,2017,9,240900,16682,Automatic
Ferrari,Ferrari 812 GTS,2022,4,9500,987620,Automatic
Volkswagen,Volkswagen Golf R 4Motion BlueMotion Technology DSG,2019,7,47000,45980,Automatic
Maserati,Maserati GranCabrio Sport,2017,9,112773,188100,Automatic
Peugeot,Peugeot 308 1.6 Grand Prix,2008,18,150000,6422,Manual
Hyundai,Hyundai ix35 2.0 Premium,2012,14,173400,16302,Manual
Hyundai,Hyundai Tucson 1.6 GDI BlueDrive Comfort 2WD,2015,11,88464,26562,Manual
Bentley,Bentley Continental GT V8 S,2017,9,31641,233700,Automatic
Renault,Renault Kangoo,2010,16,153000,7182,Manual
Ferrari,Ferrari GTC4Lusso,2015,11,18300,356820,Automatic
Opel,Opel Astra,2023,3,1,37810,Manual
Lamborghini,Lamborghini Urus,2018,8,12000,330600,Automatic
Hyundai,Hyundai i20,2022,4,9783,29678,Manual
Nissan,Nissan X-Trail 1.6 DCi Tekna 4WD EU6,2018,8,85032,25042,Manual
Honda,Honda CR-V 2.0 Lifestyle (Honda Connect+),2016,10,74645,37962,Manual
Volvo,Volvo S60,2022,4,3204,45562,Automatic
Audi,Audi A4 Avant 2.0,2001,25,298000,3002,Manual
Peugeot,Peugeot 508 HDi FAP 140 Active,2011,15,214824,9082,Manual
Lamborghini,Lamborghini Gallardo,2004,22,75000,171000,Automatic
BMW,BMW X3,2004,22,451500,11362,Automatic
MINI,MINI Countryman Cooper S E All4,2016,10,42000,38000,Automatic
Kia,Kia Picanto 1.0 M,2019,7,90000,12502,Manual
Volvo,Volvo S90,2018,8,94598,44802,Manual
Volvo,Volvo XC 90 D5 AWD Inscription 7os,2018,8,139797,59242,Automatic
Opel,Opel Astra III 1.6 Cosmo,2011,15,275000,7562,Manual
Mercedes-Benz,Mercedes-Benz Klasa E,2019,7,163821,14250,Automatic
Porsche,Porsche 718 Cayman GT4,2020,6,6700,227893,Manual
Peugeot,Peugeot 308 CC HDi FAP 110 Premium,2012,14,123000,9842,Manual
Opel,Opel Astra III 1.6,2008,18,176500,7220,Manual
Renault,Renault Arkana 1.3 TCe mHEV R.S Line EDC,2023,3,1,51642,Automatic
Volkswagen,Volkswagen T-Roc 1.5 TSI ACT Advance,2016,10,249000,34770,Automatic
BMW,BMW Seria 3 320d,2005,21,269000,8740,Manual
Ford,Ford Fiesta,2014,12,128924,11134,Manual
Maserati,Maserati Levante,2015,11,93718,113620,Automatic
Peugeot,Peugeot 208 1.4 HDi Active Pack,2012,14,102878,9223,Manual
Hyundai,Hyundai i20 1.0 T-GDi Modern,2023,3,27,31616,Manual
Maserati,Maserati Levante S Q4 GranSport,2018,8,80412,112062,Automatic
Porsche,Porsche Boxster Standard,2007,19,73806,29830,Manual
Nissan,Nissan Qashqai 2.0 dCi Tekna Premium,2010,16,160000,11780,Manual
Bentley,Bentley Continental GT Speed,2006,20,125000,76000,Automatic
BMW,BMW Seria 5,2022,4,13707,100662,Automatic
Jeep,Jeep Compass 1.6 MJD Limited FWD S&S,2019,7,33600,28500,Manual
Kia,Kia Ceed 1.4 CRDi 90 Spirit,2010,16,113000,10830,Manual
Volkswagen,Volkswagen Golf R 4Motion (BlueMotion Technology) DSG,2019,7,110000,51300,Automatic
Honda,Honda Civic,2021,5,7400,32642,Automatic
Porsche,Porsche 911 GT3,2016,10,20624,330600,Manual
Toyota,Toyota C-HR,2023,3,5,57380,Automatic
Mercedes-Benz,Mercedes-Benz Klasa C 180 T Kompr Elegance,2004,22,213000,6802,Manual
Porsche,Porsche Boxster,1997,29,223000,18962,Manual
Aston Martin,Aston Martin V8 Vantage Roadster Sportshift,2010,16,35248,132924,Automatic
Ferrari,Ferrari 488,2018,8,24500,494000,Automatic
Mitsubishi,Mitsubishi Colt 1.3 Inform,2008,18,350000,5852,Automatic
Ford,Ford Fiesta 1.5 TDCi Trend,2018,8,106193,18810,Manual
Bentley,Bentley Continental GT,2005,21,68944,75620,Automatic
Isuzu,Isuzu Trooper 3.0 TD,2002,24,237000,10944,Manual
Toyota,Toyota Corolla,2022,4,24630,52022,Automatic
Ford,Ford Grand C-MAX,2017,9,116420,19950,Manual
Opel,Opel Grandland X 1.6 CDTI Innovation S&S,2018,8,180000,14402,Manual
Audi,Audi S6 Avant 4.2 Quattro Tiptronic,1998,28,255683,7524,Automatic
BMW,BMW X1 xDrive20d,2013,13,208000,16302,Automatic
Maserati,Maserati GranTurismo S Automat,2013,13,145000,93480,Automatic
Dacia,Dacia Logan,2021,5,75000,20482,Manual
Ferrari,Ferrari F8 Spider,2022,4,2800,741000,Automatic
Honda,Honda Civic 1.4 Comfort,2009,17,210000,7486,Manual
Toyota,Toyota C-HR,2022,4,5,57532,Automatic
BMW,BMW Seria 6 640i xDrive Edycja M Sport,2017,9,125481,64220,Automatic
Citroen,Citroën C8,2004,22,320000,5141,Automatic
Bentley,Bentley Continental GT,2006,20,170000,83220,Automatic
BMW,BMW Seria 1 120d xDrive Edition M Sport Shadow,2015,11,141775,10222,Automatic
Porsche,Porsche 911,1999,27,217000,71820,Automatic
Renault,Renault Megane 1.5 dCi Life,2013,13,82000,10640,Manual
Volvo,Volvo XC 40 D3 R-Design,2023,3,5,55100,Automatic
Maserati,Maserati Levante,2018,8,67254,133000,Automatic
Toyota,Toyota Camry,2021,5,6500,57722,Automatic
Fiat,Fiat 500,2016,10,110000,7942,Automatic
Hyundai,Hyundai I30 1.4 Premium,2011,15,169397,13490,Manual
Ford,Ford Mondeo,2014,12,141000,13262,Automatic
Volkswagen,Volkswagen Golf Plus,2009,17,302300,5662,Manual
Honda,Honda CR-V 2.0 Rvi 4WD,1998,28,125000,4921,Manual
Aston Martin,Aston Martin DB9 Coupe Touchtronic,2010,16,35248,253333,Automatic
Maserati,Maserati Ghibli Diesel Automatik,2018,8,78300,55100,Automatic
Mercedes-Benz,Mercedes-Benz Klasa E,2008,18,59986,4104,Automatic
Lamborghini,Lamborghini Huracan Performante,2019,7,57260,531620,Automatic
Porsche,Porsche Panamera 4S PDK,2014,12,209000,39862,Automatic
Maserati,Maserati GranTurismo Standard,2007,19,101200,60591,Automatic
Kia,Kia Picanto 1.0 ISG Dream Team Edition,2017,9,154000,6042,Manual
Bentley,Bentley Continental Flying Spur V8,2018,8,58000,151620,Automatic
Volvo,Volvo S80 2.8 T-6,1996,30,345000,4142,Automatic
Ford,Ford Focus 1.0 EcoBoost Start-Stopp-System COOL&CONNECT,2012,14,179125,10640,Manual
Kia,Kia Carens 1.6 GDI Edition 7,2018,8,161750,22002,Manual
Maserati,Maserati Ghibli S,2016,10,73231,22230,Automatic
Volkswagen,Volkswagen Passat 2.0 TDI BMT Highline DSG7,2016,10,199000,22800,Automatic
Ford,Ford Mondeo 2.0 Gold X,2010,16,124278,12122,Manual
Maserati,Maserati Quattroporte GTS,2013,13,36000,69540,Automatic
Mercedes-Benz,Mercedes-Benz SL 500,1999,27,174400,30362,Automatic
Bentley,Bentley Continental GT V8 S,2017,9,70125,140220,Automatic
Volvo,Volvo XC 60 T6 AWD Drive-E Summum,2019,7,127767,38494,Automatic
Toyota,Toyota C-HR,2022,4,5,46702,Automatic
Mercedes-Benz,Mercedes-Benz ML,2002,24,260000,9120,Automatic
BMW,BMW X1 sDrive18i M Sport,2016,10,186000,44194,Automatic
Peugeot,Peugeot 2008,2012,14,99000,9082,Automatic
Honda,Honda Civic 1.5 T Sport (Navi),2020,6,32000,20482,Manual
Jeep,Jeep Compass,2007,19,201471,8702,Manual
Nissan,Nissan Almera Tino 1.8,2002,24,246533,3002,Manual
Skoda,Skoda Kodiaq 2.0 TSI 4x4 Business DSG,2017,9,79457,49780,Automatic
Porsche,Porsche 911,1999,27,175777,35720,Automatic
Aston Martin,Aston Martin Virage Touchtronic II,2011,15,112,197562,Automatic
Toyota,Toyota Avensis 2.0 VVT-i Sol,2005,21,198000,7562,Manual
Maserati,Maserati GranTurismo S Automat,2015,11,143000,98420,Automatic
Porsche,Porsche Panamera,2015,11,85000,120840,Automatic
Renault,Renault Megane,2016,10,94000,22800,Manual
Porsche,Porsche 911 Carrera S Cabrio,2016,10,20624,82840,Manual
Maserati,Maserati GranTurismo,2005,21,78000,51367,Automatic
Infiniti,Infiniti QX80,2020,6,89986,50920,Automatic
Porsche,Porsche Boxster,2011,15,110000,62662,Manual
BMW,BMW X3,2020,6,35643,89300,Automatic
Hyundai,Hyundai I30 1.4 Classic,2012,14,180000,12882,Manual
Jaguar,Jaguar F-Pace 2.0 i4D RWD R-Sport,2016,10,126500,49400,Automatic
Hyundai,Hyundai I30 1.0 T-GDI Smart,2021,5,27000,37757,Manual
BMW,BMW M3,2012,14,327200,60420,Automatic
Bentley,Bentley Continental GT Supersports,2018,8,27500,485260,Automatic
Renault,Renault Laguna 2.0T GT,2006,20,195000,18962,Manual
SEAT,Seat Arosa,1997,29,150000,1520,Automatic
Volkswagen,Volkswagen Passat 1.6,1999,27,202180,1330,Manual
Hyundai,Hyundai I30 1.5 DPI Comfort,2020,6,42000,30020,Manual
BMW,BMW Seria 1 116i,2008,18,186000,5662,Manual
Volvo,Volvo V70 D5 Momentum,2008,18,426865,5130,Automatic
Nissan,Nissan Qashqai 1.6 I-Way S/S,2010,16,241147,18202,Manual
Peugeot,Peugeot 308 SW 1.5 BlueHDi Active S&S,2015,11,66000,15200,Manual
Maserati,Maserati GranTurismo S,2017,9,42500,113620,Automatic
Porsche,Porsche Boxster 2.7,2008,18,11500,38000,Manual
Volkswagen,Volkswagen Passat 2.0 TDI Comfortline,2012,14,204000,15162,Manual
Porsche,Porsche Cayenne Platinum Edition,2012,14,89316,34922,Manual
Opel,Opel Meriva 1.4 ecoflex Start/Stop 150 Jahre,2012,14,94000,10982,Manual
Mercedes-Benz,Mercedes-Benz Klasa E 200 d 9G-TRONIC,2019,7,102600,46360,Automatic
Dacia,Dacia Duster 1.6 Laureate,2011,15,147000,11611,Manual
Volvo,Volvo V50 2.4 Kinetic,2001,25,288134,6422,Manual
Opel,Opel Insignia 2.0 CDTI EcoFLEX S&S,2012,14,173659,15390,Manual
Opel,Opel Astra III GTC 1.6 Cosmo,2005,21,283500,5320,Manual
Jeep,Jeep Compass 1.3 T4 PHEV 4xe Upland S&S,2022,4,1250,90238,Automatic
Skoda,Skoda Octavia 1.4 TSI Ambition DSG,2010,16,251000,15162,Automatic
Toyota,Toyota Aygo,2016,10,83000,14022,Manual
Volvo,Volvo V40 Cross Country D2,2015,11,263000,22796,Manual
Opel,Opel Insignia CT 2.0 CDTI,2011,15,300000,13262,Automatic
Nissan,Nissan Qashqai,2015,11,105000,25802,Manual
Renault,Renault Captur ENERGY dCi 90 Start&Stop Luxe,2018,8,22865,16302,Manual
Volvo,Volvo S80,1999,27,410420,2356,Automatic
Land Rover,Land Rover Range Rover 4.6 HSE,1997,29,162000,7942,Automatic
Nissan,Nissan 350 Z,2003,23,140000,17480,Automatic
Ford,Ford Expedition 5.4 XLT 4WD,2003,23,177905,10070,Automatic
Toyota,Toyota Auris,2018,8,62000,26543,Manual
Volvo,Volvo S60 D3 Drive-E Momentum,2015,11,124000,23180,Manual
Volvo,Volvo S60,2007,19,233842,6384,Manual
Mercedes-Benz,Mercedes-Benz Klasa E,2013,13,199000,31122,Automatic
Saab,Saab 9-3 1.8t Linear,2007,19,232700,1520,Automatic
Ford,Ford Fiesta,2014,12,199843,7942,Manual
Volkswagen,Volkswagen Caddy,2009,17,265000,7486,Manual
Volvo,Volvo XC 60,2009,17,178000,17290,Automatic
Ford,Ford Galaxy 1.9 TDI Ghia,2004,22,190000,2470,Automatic
Hyundai,Hyundai i20 1.2 Classic,2014,12,97000,3762,Manual
Volkswagen,Volkswagen T-Roc 2.0 TDI SCR 4MOTION DSG Sport,2018,8,84699,25650,Automatic
Maserati,Maserati GranCabrio Standard,2014,12,83632,91200,Automatic
Porsche,Porsche 911 Carrera,1999,27,60000,34580,Manual
Bentley,Bentley Bentayga,2019,7,12000,337820,Automatic
Maserati,Maserati Ghibli,2018,8,45000,56962,Automatic
Peugeot,Peugeot Traveller 1.6 BlueHDi Compact Business,2016,10,123000,30400,Manual
Mercedes-Benz,Mercedes-Benz CLA 200 Progressive 7G-DCT,2022,4,11400,55100,Automatic
BMW,BMW Seria 5 540d xDrive mHEV M Sport sport,2023,3,4000,160683,Automatic
Ford,Ford Kuga 2.0 TDCi Individual,2011,15,176800,21090,Manual
Peugeot,Peugeot 3008 1.2 PureTech Active,2018,8,198000,13642,Manual
Ferrari,Ferrari 458 Italia Standard,2018,8,51800,387942,Automatic
Peugeot,Peugeot 308 SW 150 THP Platinum,2007,19,249905,7106,Manual
Honda,Honda CR-V 2.0 Elegance (2WD),2012,14,163000,26562,Manual
Kia,Kia Ceed 1.5 T-GDI Business Line,2022,4,36200,48792,Manual
Ford,Ford Focus 2.0 Trend,1996,30,121000,2546,Manual
Opel,Opel Mokka 1.2 T Elegance S&S,2022,4,1200,40622,Manual
Mercedes-Benz,Mercedes-Benz Klasa C,2005,21,74950,39900,Automatic
Volkswagen,Volkswagen Passat,1996,30,238968,1558,Automatic
Volvo,Volvo XC 90 2.9 T6 Summum,2008,18,253000,17442,Automatic
Bentley,Bentley Continental Flying Spur,2018,8,49500,147820,Automatic
Maserati,Maserati Levante S Q4,2016,10,72000,47880,Automatic
Toyota,Toyota Land Cruiser 4.2 TD Navi,2003,23,208000,22762,Automatic
Ferrari,Ferrari 612 Scaglietti F1,2008,18,44000,189620,Automatic
Peugeot,Peugeot 2008,2015,11,238000,24282,Manual
Toyota,Toyota C-HR,2020,6,36241,53162,Automatic
Porsche,Porsche 911 Carrera S,2016,10,10655,216220,Manual
Bentley,Bentley Bentayga W12,2017,9,31641,332500,Automatic
Isuzu,Isuzu Trooper 3.0 TD,2002,24,95400,9842,Manual
Maserati,Maserati Quattroporte GTS,2014,12,123000,85500,Automatic
Mercedes-Benz,Mercedes-Benz GLB 200 AMG Line 7G-DCT,2023,3,1,80218,Automatic
Maserati,Maserati GranTurismo S Automat,2014,12,65000,66462,Automatic
BMW,BMW Seria 3 318i Advantage,2020,6,54854,48602,Automatic
Maserati,Maserati Ghibli Standard,2018,8,24567,68362,Automatic
BMW,BMW Seria 7 730d xDrive mHEV,2022,4,13000,140581,Automatic
Porsche,Porsche 718 Cayman GTS,2015,11,30355,102220,Manual
BMW,BMW X1 sDrive18d xLine,2017,9,150000,32680,Automatic
Hyundai,Hyundai i20 1.2 Classic,2012,14,200000,3800,Manual
Bentley,Bentley Continental GT,2017,9,55688,379943,Automatic
Maserati,Maserati Ghibli,2011,15,84342,20520,Automatic
Opel,Opel Astra III GTC 2.0 T OPC,2006,20,222100,9880,Manual
Toyota,Toyota Avensis,2003,23,228536,5662,Manual
Porsche,Porsche 911 Carrera S,2016,10,10655,216220,Manual
MINI,MINI Cooper S,2007,19,140000,17062,Automatic
Mercedes-Benz,Mercedes-Benz Klasa E,2022,4,16440,98762,Automatic
Maserati,Maserati Ghibli Automatik S Q4,2014,12,65000,42522,Automatic
Bentley,Bentley Continental GT V8,2019,7,75000,205162,Automatic
Volvo,Volvo V40 Cross Country D2 Summum,2016,10,222223,21242,Manual
Maserati,Maserati GranTurismo S,2011,15,69999,74100,Automatic
Mercedes-Benz,Mercedes-Benz Klasa S,2014,12,241000,79762,Automatic
Nissan,Nissan Micra 1.2 Acenta,2017,9,121253,6422,Manual
BMW,BMW Seria 5,2012,14,146400,21622,Automatic
Renault,Renault Laguna Grandtour ENERGY dCi 130 FAP Start-Stop Limited,2010,16,111169,11020,Manual
Ford,Ford Focus 1.6 TDCi Titanium,2011,15,189000,10602,Manual
Peugeot,Peugeot 5008 1.2 PureTech Allure S&S EAT6,2019,7,45000,39896,Automatic
Volkswagen,Volkswagen Multivan,2005,21,237667,19380,Automatic
Fiat,Fiat Freemont 2.0 Multijet Lounge AWD,2012,14,168000,14402,Automatic
Aston Martin,Aston Martin V8 Vantage Roadster Sportshift,2011,15,45600,119700,Automatic
Maserati,Maserati Ghibli Diesel Automatik,2013,13,53000,14440,Automatic
Maserati,Maserati Quattroporte Sport GT Automatica,2005,21,133000,69920,Automatic
Nissan,Nissan Qashqai+2,2012,14,202000,15162,Manual
BMW,BMW Seria 5 520d xDrive M Sport sport,2016,10,74112,68286,Automatic
Jeep,Jeep Wrangler,2001,25,222000,23560,Automatic
Toyota,Toyota Proace City,2023,3,1,47500,Manual
Toyota,Toyota Corolla 1.2 T Comfort,2017,9,56000,22762,Manual
Peugeot,Peugeot 207 95 VTi forever,2007,19,264000,5852,Manual
Hyundai,Hyundai I30,2022,4,10,29982,Manual
Toyota,Toyota Corolla 1.8 Hybrid Comfort,2022,4,18866,39729,Automatic
Hyundai,Hyundai i40 i40cw 2.0 Premium,2012,14,177000,17100,Manual
Bentley,Bentley Continental Flying Spur Standard,2008,18,113700,55100,Automatic
Honda,Honda CR-V 1.6i-DTEC Lifestyle,2015,11,75000,29640,Manual
SEAT,Seat Ateca,2017,9,171000,35340,Manual
Renault,Renault Twingo,2020,6,28000,18164,Automatic
Citroen,Citroën C5 Aircross,2022,4,3,58862,Automatic
Porsche,Porsche Boxster 2.7,2002,24,86000,17100,Manual
Volkswagen,Volkswagen Jetta,2006,20,206000,6422,Manual
Renault,Renault Laguna 2.0 16V Turbo Dynamique,2009,17,132000,8702,Automatic
Volkswagen,Volkswagen Arteon 2.0 TSI 4Motion R DSG,2022,4,18867,135299,Automatic
Bentley,Bentley Continental GT Standard,2006,20,125000,102220,Automatic
Fiat,Fiat Tipo 1.4 16v Pop,2018,8,84220,16340,Manual
Porsche,Porsche 911 Carrera Cabrio,1999,27,154000,121600,Manual
Bentley,Bentley Bentayga,2019,7,51354,115900,Automatic
Volkswagen,Volkswagen Passat 2.0 TDI 4Mot Highline,2009,17,140000,6460,Manual
Peugeot,Peugeot 308,2018,8,103238,12122,Manual
Hyundai,Hyundai I30 1.6 CRDI blue Classic,2013,13,110000,7030,Manual
Renault,Renault Clio 0.9 Energy TCe Alize,2017,9,51786,13870,Manual
Opel,Opel Insignia 2.0 T 4x4 Innovation S&S,2018,8,61204,27664,Automatic
Nissan,Nissan Qashqai 1.6 Tekna,2010,16,249000,14782,Manual
Maserati,Maserati Quattroporte Standard,2008,18,30600,37962,Automatic
BMW,BMW Seria 3,2013,13,138000,26562,Automatic
Opel,Opel Meriva,2007,19,244595,5282,Manual
Renault,Renault Modus Grand 1.2 TCE Alize,2014,12,105000,5662,Manual
Chevrolet,Chevrolet Captiva 2.0 d High,2007,19,167200,7942,Automatic
Ferrari,Ferrari F430,2008,18,44000,253080,Automatic
Volkswagen,Volkswagen Taigo,2023,3,1,47044,Automatic
Volkswagen,Volkswagen Golf VII 2.0 TSI BMT GTI Performance,2019,7,127361,23902,Manual
Mercedes-Benz,Mercedes-Benz Klasa A 180 7G-DCT,2015,11,139257,44802,Automatic
Opel,Opel Insignia Sports Tourer 2.0 BiTurbo Diesel 4x4 Business Innovation,2018,8,188000,25802,Automatic
BMW,BMW X3 xDrive30i mHEV M Sport sport,2022,4,18100,113962,Automatic
Peugeot,Peugeot 2008 1.2 Pure Tech Allure S&S,2019,7,155260,20862,Manual
Ferrari,Ferrari F430,2008,18,44000,253080,Automatic
Maserati,Maserati GranTurismo MC Stradale,2014,12,72640,170809,Automatic
Jaguar,Jaguar X-Type,2004,22,196513,5206,Manual
BMW,BMW X3 xDrive30e,2021,5,78874,88339,Automatic
Volkswagen,Volkswagen Polo 1.2 TDI Blue Motion,2013,13,243387,6992,Manual
Bentley,Bentley Continental GT W12,2010,16,116000,130872,Automatic
Maserati,Maserati Ghibli Standard,2018,8,45000,23940,Automatic
Mercedes-Benz,Mercedes-Benz Klasa B,2006,20,379000,8512,Automatic
Maserati,Maserati Quattroporte Automatic,2005,21,78000,49020,Automatic
Ferrari,Ferrari 612 Scaglietti F1,2008,18,39000,186493,Automatic
BMW,BMW Seria 6,2014,12,137000,41800,Automatic
Aston Martin,Aston Martin Virage Touchtronic II,2011,15,112,197562,Automatic
Peugeot,Peugeot 308 SW BlueHDi 120 Stop & Start Business-Line,2015,11,195000,14782,Manual
Opel,Opel Insignia 1.4 Turbo ecoFLEX Start/Stop Active,2019,7,170000,13642,Manual
Honda,Honda Accord 1.8,1999,27,253000,3249,Manual
Volkswagen,Volkswagen Passat 2.0 TDI BMT Highline,2017,9,161000,29241,Manual
Bentley,Bentley Continental GT,2017,9,52759,467400,Automatic
Opel,Opel Insignia 1.5 T Exclusive S&S,2015,11,141000,28842,Manual
Ford,Ford Focus 1.5 EcoBoost ST-Line Black ASS,2016,10,112000,18620,Manual
Ferrari,Ferrari F430 Spider F1,2007,19,50000,224352,Automatic
Renault,Renault Trafic,2019,7,97920,18050,Manual
Ferrari,Ferrari 812 Superfast,2016,10,82801,733020,Automatic
BMW,BMW Seria 3 318d M Sport Shadow,2017,9,143000,36670,Automatic
Volkswagen,Volkswagen Passat 2.0 TDI BMT SCR Highline DSG7,2015,11,159136,36100,Automatic
Volvo,Volvo V70 2.4D5 AWD Summum,2004,22,378000,4104,Manual
Volvo,Volvo S80,1996,30,296000,1748,Automatic
Nissan,Nissan Juke 1.6 DIG-T ALL-MODE 4x4i CVT n-tec,2014,12,208000,15922,Automatic
Land Rover,Land Rover Defender,1997,29,320000,17100,Automatic
Volkswagen,Volkswagen Passat 2.0 TDI BMT Highline DSG,2017,9,112958,37202,Automatic
Opel,Opel Zafira 1.8 Selection,2010,16,147000,11761,Manual
Volvo,Volvo V40 CC T3 Drive-E Ocean Race,2017,9,103000,32262,Automatic
Citroen,Citroën C2,2003,23,186000,3230,Automatic
Citroen,Citroën C4 Picasso,2009,17,259000,4522,Automatic
Opel,Opel Astra III 1.6,2013,13,178500,9082,Manual
Volkswagen,Volkswagen Passat 2.0 TDI Comfortline,2012,14,250400,14022,Manual
Opel,Opel Astra V 1.4 T Elegance S&S,2021,5,22000,31502,Automatic
Fiat,Fiat 500,2009,17,60000,9842,Automatic
Maserati,Maserati Levante S,2016,10,72000,79800,Automatic
Maserati,Maserati Ghibli,2019,7,41000,24662,Automatic
Lamborghini,Lamborghini Gallardo E-Gear,2004,22,75000,174800,Automatic
Bentley,Bentley Continental GT Speed,2015,11,50000,399000,Automatic
Toyota,Toyota RAV4 2.0 VVT-i Sol,2002,24,238000,11362,Manual
Mercedes-Benz,Mercedes-Benz Klasa S,2017,9,65300,64562,Automatic
Nissan,Nissan Juke 1.5 dCi Edition,2013,13,119000,12540,Manual
SEAT,Seat Leon 2.0 TSI Cupra Start/Stop 4Drive DSG,2023,3,1,51300,Automatic
Porsche,Porsche 911,2007,19,182000,92720,Manual
Porsche,Porsche Cayenne Standard,2004,22,217000,13870,Manual
Lamborghini,Lamborghini Huracan,2019,7,57260,518700,Automatic
Bentley,Bentley Continental Flying Spur V8,2013,13,167800,136420,Automatic
BMW,BMW Seria 3,2022,4,20000,52326,Automatic
Maserati,Maserati Quattroporte S Q4 Automatik,2014,12,41105,58900,Automatic
Maserati,Maserati Ghibli S Q4,2014,12,215000,60040,Automatic
Maserati,Maserati Levante,2016,10,18700,178220,Automatic
Renault,Renault Laguna Coupe 2.0 16V Turbo GT,2009,17,175000,12540,Manual
Skoda,Skoda Octavia,2020,6,63164,46938,Manual
Honda,Honda CR-V,2020,6,24700,52782,Manual
Ford,Ford Focus 1.6 TDCi Trend,2018,8,226000,11742,Manual
BMW,BMW Seria 7 750Li xDrive,2016,10,126391,52820,Automatic
Volkswagen,Volkswagen Touran 1.6 TDI DPF Highline DSG,2010,16,212000,11780,Automatic
Honda,Honda Prelude 2.2i VTEC,1996,30,241378,33820,Manual
Toyota,Toyota Auris,2015,11,131040,18962,Manual
Kia,Kia Stonic,2022,4,8000,28082,Manual
Nissan,Nissan Juke 1.5 dCi Acenta,2011,15,115000,4674,Manual
Citroen,Citroën C2,2003,23,154000,2812,Automatic
Ford,Ford B-MAX 1.0 EcoBoost Trend,2011,15,181000,10944,Manual
Peugeot,Peugeot 508,2019,7,155000,19969,Automatic
Peugeot,Peugeot 206 1.1 XR Presence,1997,29,422000,1938,Manual
Mitsubishi,Mitsubishi Colt,2009,17,149000,4902,Manual
Toyota,Toyota C-HR,2016,10,188500,36062,Automatic
Land Rover,Land Rover Range Rover Evoque,2022,4,15,91175,Automatic
Peugeot,Peugeot 3008,2007,19,324000,9116,Manual
Peugeot,Peugeot 208 1.6 e-HDi Active STT,2014,12,126370,7220,Manual
Aston Martin,Aston Martin DB9,2011,15,45600,159600,Automatic
Citroen,Citroën C3 1.6 Exclusive Senso Drive,2003,23,154000,3800,Automatic
Porsche,Porsche Cayenne,2017,9,98000,102562,Manual
Opel,Opel Meriva 1.4 Enjoy,2011,15,190000,8702,Manual
Porsche,Porsche Boxster,1997,29,223000,18962,Manual
Bentley,Bentley Continental Flying Spur V8,2014,12,151299,123861,Automatic
Maserati,Maserati Quattroporte S Q4,2014,12,83632,55062,Automatic
Ford,Ford Fiesta 1.25 Silver X,2013,13,190000,8702,Manual
Maserati,Maserati Ghibli Automatik S Q4,2014,12,80000,41420,Automatic
Aston Martin,Aston Martin Vantage,2013,13,43000,151620,Automatic
Chevrolet,Chevrolet Captiva,2006,20,120722,7220,Automatic
Bentley,Bentley Continental Flying Spur Standard,2006,20,95000,72162,Automatic
BMW,BMW M3 Drivelogic,2013,13,216347,70300,Automatic
BMW,BMW Seria 4 420d Gran Coupe M Sport,2017,9,198000,36100,Automatic
Maserati,Maserati Ghibli S Q4,2010,16,30000,36860,Automatic
Porsche,Porsche Cayman GT4,2017,9,98000,151993,Manual
Hyundai,Hyundai I30 1.4 Edition Plus,2013,13,119340,7942,Manual
Opel,Opel Combo,2019,7,98000,26562,Manual
Mercedes-Benz,Mercedes-Benz Klasa E 280 CDI Elegance,2001,25,100000,8550,Automatic
Opel,Opel Astra 1.6 CDTI DPF ecoFLEX Sports TourerStart/Stop Style,2019,7,36588,14782,Manual
Peugeot,Peugeot 508 2.0 BlueHDi GT S&S,2018,8,144000,27550,Automatic
Ford,Ford Focus,2017,9,185000,14060,Manual
Mercedes-Benz,Mercedes-Benz CLA AMG 45 4-Matic,2019,7,63563,59280,Automatic
Aston Martin,Aston Martin Vantage,2013,13,43000,117800,Automatic
Ford,Ford Focus 1.5 TDCi Trend,2017,9,177753,11400,Manual
BMW,BMW Seria 5 535d xDrive,2013,13,152200,36100,Automatic
Toyota,Toyota Yaris,2014,12,281000,5130,Manual
Maserati,Maserati Quattroporte Sport GT DuoSelect,2005,21,133000,26600,Automatic
Porsche,Porsche Boxster 2.5,1999,27,62400,30400,Manual
Rover,Rover 75,2004,22,129510,1710,Manual
Renault,Renault Megane,2019,7,65366,13604,Automatic
Hyundai,Hyundai Tucson 2.0 CRDi Premium,2008,18,215000,8170,Manual
Dodge,Dodge Challenger 6.2 Hellcat Widebody,2019,7,35000,105555,Automatic
Maserati,Maserati Ghibli,2017,9,83000,71820,Automatic
SEAT,Seat Leon,2022,4,3000,45562,Manual
BMW,BMW X5 xDrive30d Edition Exclusive,2013,13,224000,31502,Automatic
SEAT,Seat Leon 1.2 TSI Style S&S,2016,10,151000,18050,Manual
Peugeot,Peugeot 508 SW HDi FAP 110 Access,2013,13,145000,10488,Manual
Mazda,Mazda 3 2.0 mHEV Hikari,2023,3,4,34200,Manual
Volvo,Volvo V40 D2 Drive-E Momentum,2017,9,189900,15162,Automatic
Nissan,Nissan Qashqai 1.6 DCi Tekna,2016,10,162450,22591,Manual
Bentley,Bentley Continental GT Standard,2008,18,156663,97128,Automatic
Ford,Ford Focus 1.5 TDCi DPF Start-Stopp-System Titanium,2017,9,190000,15162,Manual
Peugeot,Peugeot 206 1.4 XT,2002,24,176000,1900,Automatic
Aston Martin,Aston Martin DB7,2001,25,30000,31540,Automatic
BMW,BMW Seria 3 320d Touring xDrive Sport-Aut Sport Line,2016,10,57194,20862,Automatic
Hyundai,Hyundai I30,2021,5,31000,26562,Manual
Kia,Kia Sorento 2.5 CRDi Voyage +,2006,20,238800,6422,Automatic
Ferrari,Ferrari 488,2018,8,33200,437000,Automatic
Volkswagen,Volkswagen Jetta 1.2 TSI Comfortline,2012,14,97295,11210,Manual
Mercedes-Benz,Mercedes-Benz GLE 350 d 4-Matic,2015,11,285635,55100,Automatic
Toyota,Toyota Avensis 2.0 D-4D Sol,2010,16,194000,9500,Manual
Ford,Ford Focus,2012,14,114000,13933,Manual
BMW,BMW X3 xDrive30d,2011,15,369000,27550,Automatic
Opel,Opel Insignia,2017,9,44000,22344,Manual
Skoda,Skoda Scala,2023,3,4,33744,Automatic
BMW,BMW X4 xDrive30i GPF xLine sport,2015,11,197883,63080,Automatic
Volkswagen,Volkswagen Passat 1.8 TSI Comfortline DSG,2007,19,242000,8740,Automatic
Maserati,Maserati Ghibli S Q4,2012,14,23500,47690,Automatic
Fiat,Fiat Tipo,2021,5,40768,26942,Manual
MINI,MINI Clubman,2008,18,162000,12122,Automatic
Smart,Smart Forfour passion,2004,22,225000,3762,Manual
Toyota,Toyota Yaris 1.33 Active,2019,7,21381,17670,Manual
Ferrari,Ferrari,2018,8,33200,379620,Automatic
Mercedes-Benz,Mercedes-Benz GLE,2017,9,91000,151962,Automatic
Maserati,Maserati GranTurismo S Automatik,2014,12,64000,58900,Automatic
Opel,Opel Insignia,2017,9,101000,24700,Manual
Ford,Ford Focus,2009,17,149852,3382,Manual
Volvo,Volvo XC 70,2003,23,168016,9120,Automatic
SEAT,Seat Leon,2018,8,150777,23940,Manual
Toyota,Toyota Auris,2016,10,158398,21280,Manual
Opel,Opel Meriva 1.7 CDTI Cosmo,2011,15,214086,8740,Manual
Volvo,Volvo XC 60,2020,6,45000,83562,Automatic
Mercedes-Benz,Mercedes-Benz CLA 200 7G-DCT AMG Line,2015,11,400000,33440,Automatic
Renault,Renault Megane CC 1.4 16V TCE Privilege,2014,12,111400,12920,Manual
Maserati,Maserati Quattroporte S Q4 Automatik,2012,14,23500,56620,Automatic
Renault,Renault Captur 1.3 Energy TCe FAP Intens EDC,2016,10,103005,30210,Automatic
Peugeot,Peugeot 208 1.2 PureTech Active S&S,2021,5,29448,31122,Manual
Porsche,Porsche Cayenne Coupe Turbo,2016,10,114000,256499,Automatic
Volvo,Volvo XC 70,2004,22,500000,6802,Automatic
Opel,Opel Corsa 1.0 12V Cosmo,2003,23,184000,1520,Manual
Bentley,Bentley Continental Flying Spur V8,2018,8,58000,151620,Automatic
Citroen,Citroën Berlingo M 1.5 BlueHDI Live Pack S&S N1,2022,4,9999,44882,Manual
BMW,BMW X5 xDrive40i mHEV sport,2022,4,9,198702,Automatic
Toyota,Toyota RAV4 2.0,1998,28,314000,5282,Manual
Opel,Opel Vivaro,2008,18,208000,15162,Manual
Toyota,Toyota Aygo 1.0 VVT-i X-play,2017,9,63254,15390,Manual
Porsche,Porsche 911 Carrera 4S,2004,22,173000,68362,Manual
Volvo,Volvo V50 1.8 Momentum,2007,19,242000,5662,Manual
Jaguar,Jaguar X-Type 2.0 D Classic,2002,24,260000,3040,Manual
Peugeot,Peugeot 508 1.5 BlueHDi Allure Pack S&S EAT8,2021,5,2,39064,Automatic
MINI,MINI Cooper Standard,2012,14,149125,9462,Manual
Mercedes-Benz,Mercedes-Benz Klasa C 180 T CGI Automatik BlueEFFICIENCY Elegance,2011,15,226123,17100,Automatic
Bentley,Bentley Bentayga W12,2017,9,25000,285000,Automatic
Opel,Opel Astra 2.0 CDTI DPF Automatik Design Edition,2011,15,191000,10222,Automatic
Alfa Romeo,Alfa Romeo GTV 2.0 16v TSpark L,1996,30,238250,4522,Manual
SEAT,Seat Arosa 1.0,2004,22,246000,2242,Manual
Porsche,Porsche Boxster 2.5,1995,31,45000,21242,Manual
Ford,Ford S-Max 2.0 TDCi Titanium,2019,7,185000,28044,Manual
Ford,Ford Mondeo 2.0 TDCi Titanium,2011,15,151552,10602,Manual
Porsche,Porsche 911 Carrera 4,1999,27,60000,53162,Manual
Maserati,Maserati GranTurismo S,2014,12,123000,41420,Automatic
Ferrari,Ferrari Portofino,2018,8,61000,379620,Automatic
Bentley,Bentley Continental GT,2017,9,55688,379943,Automatic
Hyundai,Hyundai I30,2021,5,7223,26182,Manual
Opel,Opel Insignia 1.6 T Edition EU6,2017,9,158000,17480,Automatic
Land Rover,Land Rover Discovery Sport 2.0 TD4 HSE,2016,10,132000,18996,Automatic
Toyota,Toyota Aygo 1.0 VVT-i,2014,12,240000,4408,Manual
Volkswagen,Volkswagen Golf VII 1.6 TDI BMT Highline DSG,2013,13,140000,16150,Automatic
Renault,Renault Twingo 1.2 16V Eco Access,2012,14,228164,6802,Manual
Aston Martin,Aston Martin DB9 Standard,2008,18,26302,87020,Automatic
Toyota,Toyota Corolla,2022,4,7452,60762,Automatic
Toyota,Toyota Yaris,2017,9,63200,17822,Manual
Renault,Renault Laguna 1.8 RXT,2004,22,158757,1520,Manual
Maserati,Maserati Quattroporte GTS GranLusso,2014,12,150000,28880,Automatic
Toyota,Toyota Corolla,2021,5,83000,41762,Automatic
Mercedes-Benz,Mercedes-Benz Klasa E 200 d T 9G-TRONIC AMG Line,2015,11,46500,36100,Automatic
Hyundai,Hyundai i40 1.7 CRDi Style,2014,12,110437,14440,Automatic
Dodge,Dodge Challenger 3.6 SXT,2020,6,16870,102562,Automatic
Volvo,Volvo V40 Cross Country D2 Summum,2012,14,172000,17936,Manual
Ferrari,Ferrari California,2017,9,19000,285000,Automatic
BMW,BMW Seria 3 320d Advantage sport,2022,4,5,56620,Automatic
Maserati,Maserati Ghibli,2017,9,83000,62662,Automatic
Honda,Honda Civic 1.8 Sport,2013,13,165200,21280,Manual
Porsche,Porsche 911 Carrera S,2008,18,11500,93442,Manual
Maserati,Maserati GranTurismo S Automatica,2014,12,72640,60420,Automatic
Ford,Ford Ka+ 1.2 S&S Trend,2019,7,57000,6802,Manual
BMW,BMW Seria 5,2013,13,255200,28462,Automatic
Porsche,Porsche Cayenne,2009,17,330800,19000,Automatic
Opel,Opel Insignia,2014,12,108000,15200,Manual
Bentley,Bentley Bentayga,2019,7,75000,319200,Automatic
Renault,Renault Scenic,2003,23,177544,4142,Automatic
Volkswagen,Volkswagen Transporter,2019,7,65600,49400,Manual
Bentley,Bentley Continental GT V8,2017,9,25000,273562,Automatic
BMW,BMW X4 xDrive30d M Sport X sport,2020,6,51900,102561,Automatic
Dacia,Dacia Sandero Stepway,2018,8,255452,15010,Automatic
Ford,Ford Explorer 4.0,2003,23,325254,8512,Automatic
BMW,BMW Seria 5,2014,12,138970,31730,Automatic
Mitsubishi,Mitsubishi Carisma,2004,22,214000,2242,Automatic
Ford,Ford Fiesta,2014,12,280000,10450,Manual
Hyundai,Hyundai ix35,2011,15,198000,14402,Manual
Maserati,Maserati GranCabrio,2016,10,18700,43700,Automatic
Toyota,Toyota Aygo,2019,7,48000,18620,Manual
Volkswagen,Volkswagen Golf IV 1.4 16V Basis,2004,22,264173,4142,Manual
Volkswagen,Volkswagen Touran 1.9 TDI United,2009,17,220000,7030,Manual
Alfa Romeo,Alfa Romeo 159,2008,18,130000,5358,Automatic
BMW,BMW Seria 3 328i xDrive Sport Line,2014,12,118000,24320,Automatic
Porsche,Porsche 911 Carrera Cabrio,2009,17,65000,91162,Manual
Kia,Kia Ceed 1.6 CRDi SCR M,2019,7,60391,6878,Manual
SEAT,Seat Leon 2.0 TSI Cupra Performance Black S&S,2015,11,38000,37962,Manual
SEAT,Seat Ateca 1.5 TSI FR S&S DSG,2023,3,5,63627,Automatic
Hyundai,Hyundai I30 1.0 T-GDI EDITION 30,2015,11,124900,22002,Manual
Opel,Opel Signum 1.8 Elegance,2003,23,232000,3040,Manual
Opel,Opel Meriva 1.7 CDTI Enjoy,2008,18,242000,2242,Manual
Hyundai,Hyundai I30 1.0 T-GDI Smart,2022,4,22500,37962,Manual
Toyota,Toyota Sienna 3.5 V6 XLE AWD,2016,10,114600,27512,Automatic
Opel,Opel Insignia 2.0 CDTI Sports Tourer,2011,15,151000,10070,Manual
Toyota,Toyota Yaris,2010,16,246239,16716,Automatic
Opel,Opel Vectra 1.8 Elegance,2008,18,238000,6422,Manual
Opel,Opel Astra 1.4 Active,2014,12,140000,9348,Manual
BMW,BMW Seria 3 318i Sport Line,2019,7,106985,26562,Automatic
Ford,Ford Mustang 5.0 V8 GT,2014,12,142967,37962,Manual
BMW,BMW Seria 3,2012,14,183740,17670,Automatic
Lamborghini,Lamborghini Aventador S,2018,8,12000,969000,Automatic
Opel,Opel Astra,2018,8,100850,19760,Manual
BMW,BMW 3GT 320d xDrive M Sport,2015,11,174000,51642,Automatic
Mercedes-Benz,Mercedes-Benz Klasa E 350 CDI 4-Matic Avantgarde,2013,13,144000,21660,Automatic
Peugeot,Peugeot Expert,2016,10,155000,30362,Manual
Volkswagen,Volkswagen T-Cross 1.0 TSI,2019,7,92784,26562,Manual
BMW,BMW Seria 5,2003,23,258000,9690,Automatic
Peugeot,Peugeot 308 CC 120 VTi Active,2012,14,144810,8360,Manual
Opel,Opel Astra,2005,21,177000,4142,Manual
Opel,Opel Vivaro 1.6 D (CDTI) L2H1 S&S,2015,11,276000,25422,Manual
SEAT,Seat Leon 1.4 TSI Style S&S,2017,9,189323,23902,Manual
Lamborghini,Lamborghini Huracan Performante,2019,7,57260,531620,Automatic
Porsche,Porsche 718 Cayman GTS,2015,11,30355,102220,Manual
Maserati,Maserati Quattroporte S,2007,19,101200,43700,Automatic
Volkswagen,Volkswagen Tiguan 2.0 TDI 4Mot Trend Tiptr,2009,17,285000,13566,Automatic
Opel,Opel Insignia 1.6 T Elite S&S,2019,7,126000,45220,Automatic
Nissan,Nissan Patrol,1996,30,162000,32262,Manual
Kia,Kia Venga 1.6 Business Line,2018,8,50000,22377,Manual
Volvo,Volvo XC 60,2021,5,30000,77862,Automatic
Porsche,Porsche Cayenne GTS PD Edition 3,2005,21,128000,26220,Automatic
Opel,Opel Zafira 1.7 CDTI ecoFLEX Edition,2012,14,207563,7980,Manual
Volkswagen,Volkswagen Golf,1998,28,262000,1786,Automatic
Ferrari,Ferrari 488,2017,9,18099,539600,Automatic
Mercedes-Benz,Mercedes-Benz GLS 350 d 4-Matic,2017,9,179000,104120,Automatic
Skoda,Skoda Superb 2.0 TDI Platinum Outdoor DSG,2014,12,224550,15162,Automatic
Ferrari,Ferrari 458 Italia,2018,8,18200,760000,Automatic
Ford,Ford Focus 1.0 EcoBoost SYNC Edition ASS,2015,11,72000,15162,Manual
Peugeot,Peugeot 2008 1.6 BlueHDi Active,2019,7,53552,17062,Manual
Mercedes-Benz,Mercedes-Benz ML 350 BlueTec 4-Matic,2013,13,172000,30096,Automatic
Daihatsu,Daihatsu Trevis 1.0 Limited,2008,18,185128,3762,Manual
Opel,Opel Astra 1.4 Turbo Cosmo,2012,14,156000,11362,Manual
Volvo,Volvo V40 D2 Drive-E SCR Inscription,2018,8,111967,16340,Manual
SEAT,Seat Exeo ST 1.8TSI Style,2010,16,216000,11362,Manual
Volvo,Volvo V50,2009,17,286000,9082,Automatic
Hyundai,Hyundai ix20 1.4 blue Comfort,2012,14,201000,10070,Manual
Jeep,Jeep Compass 2.0 CRD Sport,2006,20,144000,7600,Manual
Mercedes-Benz,Mercedes-Benz Klasa E 200 d 9G-TRONIC,2018,8,105000,37962,Automatic
Volkswagen,Volkswagen Passat 2.0 TDI DPF Comfortline,2008,18,200000,7220,Manual
Mercedes-Benz,Mercedes-Benz CLA AMG 45 4-Matic,2015,11,79443,68400,Automatic
Volkswagen,Volkswagen Passat 2.0 TDI BMT Comfortline DSG,2019,7,102000,30362,Automatic
Volkswagen,Volkswagen Passat,2016,10,47977,22762,Manual
BMW,BMW X3 28i xDrive,2018,8,77000,18981,Automatic
SEAT,Seat Leon 1.2 TSI Reference,2015,11,129800,17822,Manual
Maserati,Maserati GranTurismo Sport,2013,13,110440,71060,Automatic
Maserati,Maserati Quattroporte DuoSelect,2008,18,66750,37620,Automatic
Porsche,Porsche Panamera 4,2011,15,170000,48944,Automatic
Honda,Honda Civic 1.5i VTEC,1997,29,256623,950,Manual
BMW,BMW iX3 Impressive,2022,4,5000,108262,Automatic
Hyundai,Hyundai I30 1.4 Classic,2012,14,140000,12502,Manual
Toyota,Toyota Auris,2015,11,172000,20710,Automatic
Volvo,Volvo S40 1.6,2004,22,289000,3382,Manual
Ford,Ford Kuga 2.0 TDCi Titanium,2012,14,220000,12730,Manual
Nissan,Nissan Patrol,1999,27,175000,22762,Automatic
Peugeot,Peugeot 3008 1.6 Premium,2014,12,140000,11970,Automatic
Porsche,Porsche 911 GT2,2006,20,143000,121600,Manual
Toyota,Toyota Camry 2.5 Hybrid Comfort CVT,2018,8,110889,48051,Automatic
Porsche,Porsche Boxster,1999,27,175777,23902,Automatic
Hyundai,Hyundai I30 1.0 T-GDI Smart,2022,4,5,18962,Manual
Land Rover,Land Rover Discovery Sport 2.0 Si4 HSE,2016,10,124056,45220,Automatic
Volvo,Volvo XC 60 T5 AWD Inscription,2015,11,71000,55822,Automatic
Renault,Renault Fluence 2.0 16V Expression,2012,14,104000,10222,Manual
Jeep,Jeep Grand Cherokee Gr 3.6 V6 Overland,2020,6,24828,45220,Automatic
Audi,Audi A3,2016,10,135000,29944,Manual
Renault,Renault Megane,2003,23,200000,3230,Automatic
Aston Martin,Aston Martin DB9 Coupe Touchtronic,2010,16,35248,253333,Automatic
Honda,Honda Civic,2015,11,195000,13642,Manual
Mazda,Mazda 6 2.5 SkyPassion,2017,9,122800,42560,Automatic
Peugeot,Peugeot 208 1.2 PureTech Active,2010,16,170898,9082,Manual
Porsche,Porsche 911 Carrera Cabrio,1999,27,154000,121600,Manual
Toyota,Toyota Avensis 1.8 Sol plus NAVI,2011,15,140000,20102,Manual
Bentley,Bentley Continental Flying Spur,2017,9,70125,136420,Automatic
Renault,Renault Megane 1.5 Blue dCi Limited,2019,7,57620,22669,Manual
Bentley,Bentley Continental Flying Spur V8 S,2017,9,52759,262200,Automatic
Volkswagen,Volkswagen Scirocco,2005,21,208000,9462,Manual
Peugeot,Peugeot 306 1.6 XN,1998,28,220000,1064,Manual
Volvo,Volvo S40 1.8 Momentum,2009,17,282000,5510,Manual
Mercedes-Benz,Mercedes-Benz Klasa E 400 d 4-Matic 9G-TRONIC,2019,7,61000,75962,Automatic
Peugeot,Peugeot 308,2015,11,156195,5282,Manual
Ferrari,Ferrari 488,2018,8,51800,566200,Automatic
Fiat,Fiat 500 C 1.2 8V 60th,2019,7,39000,12882,Manual
Hyundai,Hyundai I30 1.0 T-GDI GPF GO Plus,2017,9,160000,22724,Manual
Mazda,Mazda 3 2.0 mHEV Hikari,2021,5,17000,51680,Manual
Opel,Opel Astra V 1.4 T Enjoy,2017,9,120379,19760,Manual
Jeep,Jeep Grand Cherokee Gr 5.7 V8 Overland Summit,2014,12,131000,40280,Automatic
Volkswagen,Volkswagen Tiguan Allspace 2.0 TDI 4Mot SCR Highline DSG 7os,2019,7,197000,66462,Automatic
Ford,Ford Focus 1.0 EcoBoost ST-Line Black ASS,2017,9,129000,19722,Manual
Bentley,Bentley Continental GT Speed,2015,11,50000,399000,Automatic
Porsche,Porsche Cayenne Standard,2007,19,73806,20862,Manual
Maserati,Maserati Quattroporte S,2014,12,98000,51300,Automatic
Toyota,Toyota Yaris 1.5 Premium CVT,2019,7,73809,23750,Automatic
Volkswagen,Volkswagen Jetta 2.0 TDI DSG Highline,2013,13,289000,13490,Automatic
Maserati,Maserati Levante,2016,10,63500,129200,Automatic
Mercedes-Benz,Mercedes-Benz Klasa E,2018,8,43000,70110,Automatic
Volkswagen,Volkswagen Passat Variant 1.4 TSI ACT BlueMotion Techn 4Mot,2018,8,47000,22800,Manual
Dacia,Dacia Duster,2021,5,47000,43092,Automatic
Volkswagen,Volkswagen Passat 2.0 TDI 4Mot Elegance DSG,2015,11,15000,62700,Automatic
Porsche,Porsche 911,2007,19,185790,169100,Automatic
Skoda,Skoda Octavia 1.0 TSI Active,2023,3,9,34162,Manual
Opel,Opel Astra,2008,18,185120,7372,Manual
Maserati,Maserati Quattroporte S GranSport,2015,11,34258,95000,Automatic
Volkswagen,Volkswagen Multivan,2018,8,24000,55822,Automatic
Opel,Opel Grandland X,2015,11,173000,25802,Manual
BMW,BMW Seria 3 330d Touring,2014,12,199999,19000,Automatic
Volkswagen,Volkswagen Polo 1.2 12V Trendline,2005,21,315123,4332,Manual
Ford,Ford S-Max 2.0 TDCi Titanium,2018,8,106193,35055,Manual
Bentley,Bentley Bentayga W12,2017,9,31641,332500,Automatic
Opel,Opel Insignia 2.0 CDTI Executive 4x4 S&S,2013,13,145900,16948,Manual
Honda,Honda Accord 3.0i ES,1997,29,263000,7106,Automatic
Porsche,Porsche 911,2022,4,1234,214206,Manual
Bentley,Bentley Continental Flying Spur GTC W12,2011,15,106000,155420,Automatic
Hyundai,Hyundai I30 1.4 Classic +,2015,11,267800,22762,Manual
Hyundai,Hyundai Tucson,2023,3,1,28500,Automatic
Porsche,Porsche Cayenne,2009,17,301000,18202,Automatic
Porsche,Porsche 911 Carrera 4,1999,27,154000,94966,Manual
Porsche,Porsche 911,2009,17,211000,79762,Automatic
Mitsubishi,Mitsubishi Space Star 1.2 Invite CVT,2023,3,5,28500,Automatic
Mercedes-Benz,Mercedes-Benz Klasa C 180 7G-TRONIC,2019,7,60000,35530,Automatic
Volvo,Volvo V50,2008,18,187000,9462,Automatic
Ford,Ford S-Max 2.0 TDCi 4WD Titanium,2017,9,52000,30400,Manual
Opel,Opel Grandland X 1.2 T Innovation S&S,2017,9,103124,27702,Manual
Mercedes-Benz,Mercedes-Benz GLC 220 d 4-Matic,2021,5,26957,96520,Automatic
Ferrari,Ferrari GTC4Lusso,2017,9,27000,488300,Automatic
SEAT,Seat Ibiza,2018,8,75800,11970,Manual
Volkswagen,Volkswagen Touran,2015,11,180300,28842,Manual
BMW,BMW Seria 3 318i,2023,3,1,88236,Automatic
Ferrari,Ferrari F430 Spider F1,2007,19,50000,224162,Automatic
Bentley,Bentley Continental GT Standard,2006,20,170000,68362,Automatic
Renault,Renault Clio,2013,13,162000,4560,Manual
Ford,Ford Focus,2015,11,153189,17100,Manual
Mercedes-Benz,Mercedes-Benz Klasa A 200 Autotronic Avantgarde,2005,21,346161,6270,Automatic
Volkswagen,Volkswagen Tiguan Allspace 2.0 TDI 4Mot R-Line DSG,2022,4,17016,105260,Automatic
Maserati,Maserati GranTurismo S,2011,15,84342,90820,Automatic
BMW,BMW X5 M,2019,7,160000,88806,Automatic
Renault,Renault Clio 1.5 dCi Business,2018,8,98000,15162,Manual
Bentley,Bentley Bentayga W12,2017,9,117852,376200,Automatic
BMW,BMW Seria 3 320d Sport Line,2017,9,82472,34162,Automatic
Audi,Audi A6,1996,30,377000,4936,Manual
Opel,Opel Insignia 1.8 Cosmo,2011,15,171735,10640,Manual
Ford,Ford Maverick 2.7 TD GLS,1998,28,202000,9956,Manual
Ford,Ford Mondeo Turnier 2.0 TDCi Trend,2011,15,237000,8740,Manual
Porsche,Porsche Cayenne,2006,20,207979,24662,Automatic
Opel,Opel Astra,2009,17,201400,4750,Manual
Toyota,Toyota RAV4,2022,4,13325,72162,Automatic
Volkswagen,Volkswagen Passat 2.0 TDI Comfortline,2007,19,207000,6802,Manual
Bentley,Bentley Continental Flying Spur W12,2013,13,14500,246620,Automatic
Volkswagen,Volkswagen Golf Sportsvan,2016,10,213000,30400,Manual
Porsche,Porsche Cayenne,2007,19,273000,25802,Automatic
Ferrari,Ferrari 488,2018,8,61000,558220,Automatic
Bentley,Bentley Mulsanne Standard,2011,15,123000,208962,Automatic
Citroen,Citroën C3 1.2 PureTech Feel,2022,4,5,17670,Manual
Maserati,Maserati Levante,2021,5,15000,201400,Automatic
Opel,Opel Grandland X,2022,4,16170,52968,Manual
Porsche,Porsche Boxster RS 60 Spyder,2007,19,99800,58140,Manual
Citroen,Citroën C3 1.2 PureTech Feel,2023,3,5,8702,Manual
Hyundai,Hyundai i40,2019,7,145492,19000,Manual
Toyota,Toyota Yaris 1.5 Premium,2022,4,31450,19570,Manual
Toyota,Toyota Corolla,2021,5,47043,50084,Automatic
Nissan,Nissan Patrol 3.0 DiT XE + 7os,2005,21,141000,17062,Manual
Bentley,Bentley Continental Flying Spur V8 S,2017,9,52759,262200,Automatic
Maserati,Maserati Quattroporte Diesel GranSport,2015,11,40390,94962,Automatic
Opel,Opel Astra,2012,14,121000,11362,Manual
Peugeot,Peugeot 3008,2012,14,278000,17442,Automatic
Maserati,Maserati Ghibli,2012,14,166200,45600,Automatic
Opel,Opel Astra,2021,5,31030,29640,Automatic
Jeep,Jeep Wrangler,2005,21,250000,13300,Automatic
Bentley,Bentley Continental Flying Spur,2018,8,49500,147820,Automatic
Maserati,Maserati Quattroporte Trofeo,2013,13,145000,109820,Automatic
Volkswagen,Volkswagen Golf 1.6 BlueTDI Comfortline,2019,7,170000,12882,Manual
Bentley,Bentley Continental GT V8 S,2018,8,27500,142500,Automatic
Opel,Opel Astra IV 1.4 T Cosmo,2013,13,219000,13661,Manual
SEAT,Seat Toledo 1.2 TSI Reference,2017,9,56000,12540,Manual
Aston Martin,Aston Martin DB9 Standard,2009,17,76000,94962,Automatic
SEAT,Seat Ateca,2015,11,131180,44802,Automatic
Lamborghini,Lamborghini Aventador Roadster LP700-4,2014,12,13000,718200,Automatic
Kia,Kia Ceed,2019,7,45757,13262,Manual
Opel,Opel Meriva,2012,14,239000,9804,Manual
Opel,Opel Astra V 1.2 T Elegance S&S,2023,3,5,45562,Manual
Bentley,Bentley Bentayga W12,2017,9,25000,285000,Automatic
Ford,Ford Focus 1.5 EcoBoost Start-Stopp-System ST-LINE,2018,8,48250,12502,Manual
Volvo,Volvo XC 60 2.4D Summum,2005,21,247000,20482,Manual
Ford,Ford EcoSport 1.0 EcoBoost Titanium ASS,2018,8,199200,25080,Manual
BMW,BMW Seria 2 218i Coupe Sport Line,2015,11,152435,16910,Automatic
Maserati,Maserati Ghibli S Q4 Granlusso,2016,10,73231,93100,Automatic
BMW,BMW X5,2013,13,218000,45220,Automatic
Porsche,Porsche 911 Carrera,2018,8,44000,127300,Manual
Ferrari,Ferrari 812 Superfast,2017,9,18099,501600,Automatic
Volvo,Volvo C70 2.0D Summum,2009,17,211347,9842,Manual
Opel,Opel Vivaro,2020,6,107679,63460,Automatic
Aston Martin,Aston Martin DB9,2011,15,45600,159600,Automatic
BMW,BMW M3 M Competition xDrive sport,2023,3,5,193591,Automatic
Volvo,Volvo C30 1.6D,2009,17,158900,5282,Manual
Lamborghini,Lamborghini Urus,2018,8,12000,330600,Automatic
Mercedes-Benz,Mercedes-Benz Klasa C 250 7G-TRONIC,2012,14,145000,49400,Automatic
Aston Martin,Aston Martin Vantage,2013,13,43000,117800,Automatic
Maserati,Maserati Quattroporte GTS,2013,13,53000,74860,Automatic
Peugeot,Peugeot 207 1.4 16V Trendy,2006,20,282000,5662,Manual
Kia,Kia Sportage 1.6 T-GDI GT Line 4WD DCT,2017,9,102000,41420,Automatic
Toyota,Toyota Camry,2019,7,190536,41002,Automatic
Volkswagen,Volkswagen Passat,2009,17,322000,4142,Manual
Mercedes-Benz,Mercedes-Benz GLC Coupe 200 d 4-Matic,2018,8,89000,69160,Automatic
Bentley,Bentley Arnage,1999,27,154284,22800,Automatic
Opel,Opel Mokka,2018,8,96973,18962,Manual
Ford,Ford Mustang 3.7 V6,2016,10,142300,32642,Manual
SEAT,Seat Altea 2.0 TDI Stylance DSG,2008,18,290000,4940,Automatic
Volkswagen,Volkswagen Golf,2018,8,178248,24624,Manual
Kia,Kia Picanto T-GDI X-Line,2017,9,22689,18202,Manual
Porsche,Porsche Cayenne S,2007,19,156900,6384,Manual
Renault,Renault Clio,2021,5,14877,34998,Manual
Porsche,Porsche 911 Turbo,2007,19,99800,146300,Manual
Toyota,Toyota Corolla 1.6 Premium MS EU6,2015,11,50611,26410,Automatic
Honda,Honda Accord,2007,19,230000,9804,Manual
Bentley,Bentley Continental Flying Spur W12,2014,12,35000,150100,Automatic
Citroen,Citroën C3,2003,23,296340,4902,Automatic
Porsche,Porsche 911 Carrera 4S,2000,26,68000,70300,Manual
Opel,Opel Astra 1.4 Turbo Sports Tourer Dynamic,2019,7,75680,22800,Manual
Opel,Opel Astra,2006,20,213000,3762,Manual
Maserati,Maserati GranTurismo S Automat,2015,11,101398,91124,Automatic
Nissan,Nissan X-Trail,2010,16,188000,15162,Manual
Ferrari,Ferrari F430 Spider F1,2007,19,50000,224352,Automatic
Mercedes-Benz,Mercedes-Benz ML 350 BlueEff 4-Matic,2013,13,58500,36252,Automatic
Nissan,Nissan Patrol GR 2.8 TDI,1996,30,23150,30400,Manual
Maserati,Maserati Levante,2019,7,30000,74860,Automatic
Nissan,Nissan Qashqai+2 2.0 Tekna,2012,14,149000,6954,Manual
Ferrari,Ferrari F430 Spider F1,2007,19,50000,224162,Automatic
BMW,BMW Seria 3 316ti,1999,27,114492,5662,Manual
Ford,Ford Focus 1.6 TDCi Gold X (Edition),2014,12,120000,9462,Manual
Peugeot,Peugeot 308,2017,9,47000,14402,Manual
Volkswagen,Volkswagen Touareg 3.0 V6 TDI 4XMot BMT,2013,13,127409,25422,Automatic
Ford,Ford Fiesta 1.5 EcoBoost ST3 ASS,2017,9,222349,29070,Manual
Volkswagen,Volkswagen Golf 1.6 TDI DPF MATCH,2013,13,223244,12882,Manual
Skoda,Skoda Superb,2023,3,5,60002,Automatic
Ford,Ford,2007,19,262000,11362,Automatic
Toyota,Toyota Yaris,2021,5,61331,38304,Automatic
Volkswagen,Volkswagen up! 1.0 TSI beats,2018,8,84001,13555,Manual
Hyundai,Hyundai i30 N 2.0 T-GDI Performance,2018,8,186683,37962,Manual
Bentley,Bentley Continental GT,2015,11,50000,429020,Automatic
Hyundai,Hyundai ix35 1.7 CRDi 2WD blue Finale,2012,14,167780,17822,Manual
Volkswagen,Volkswagen Scirocco,2014,12,248000,15960,Automatic
Porsche,Porsche 911,1998,28,57000,41762,Automatic
Peugeot,Peugeot 208 1.2 PureTech Allure S&S,2017,9,199000,17480,Manual
Maserati,Maserati GranTurismo S Automatik,2012,14,166200,70262,Automatic
Porsche,Porsche 911 GT3,2016,10,20624,330600,Manual
Mercedes-Benz,Mercedes-Benz Klasa C 220 d Coupe 4Matic 9G-TRONIC AMG Line Plus,2015,11,159000,70300,Automatic
Peugeot,Peugeot 508,2012,14,235906,11362,Manual
BMW,BMW X4,2020,6,79960,163286,Automatic
Mercedes-Benz,Mercedes-Benz Klasa S 400 d 4-Matic L 9G-TRONIC,2021,5,12900,288272,Automatic
Bentley,Bentley Continental Flying Spur Speed,2012,14,74520,84360,Automatic
Nissan,Nissan Pathfinder 2.5 DCi Sport / SE,2005,21,250000,6840,Automatic
Ferrari,Ferrari F430,2008,18,39000,265620,Automatic
Maserati,Maserati Ghibli S Q4,2018,8,130000,45486,Automatic
Ford,Ford C-MAX 1.0 EcoBoost Start-Stopp-System Trend,2013,13,254000,12882,Manual
Peugeot,Peugeot 207,2010,16,144000,7562,Manual
Jeep,Jeep Wrangler GME 2.0 Turbo Sport,2023,3,1,61560,Automatic
Toyota,Toyota Yaris 1.0 Terra MM,2001,25,308000,4176,Automatic
Nissan,Nissan Qashqai,2023,3,1,52402,Automatic
Bentley,Bentley Continental Flying Spur W12,2011,15,123000,170620,Automatic
SEAT,Seat Ibiza,2013,13,299514,14022,Manual
Aston Martin,Aston Martin V8 Vantage,2006,20,69000,106023,Manual
Maserati,Maserati Ghibli S Q4,2015,11,80000,70300,Automatic
Opel,Opel Meriva,2013,13,171000,8170,Manual
Volvo,Volvo V40 Cross Country D3 Geartronic,2019,7,79971,31540,Automatic
Jeep,Jeep Renegade 2.0 MultiJet Limited 4WD S&S,2014,12,147121,22762,Manual
Maserati,Maserati GranTurismo,2014,12,64000,58900,Automatic
Porsche,Porsche 911 Carrera,1999,27,207000,170620,Manual
Opel,Opel Astra II 1.6,2001,25,330000,3382,Manual
Kia,Kia Opirus,2006,20,192000,3610,Automatic
Ford,Ford Kuga 2.0 TDCi FWD Trend,2012,14,114000,14440,Manual
Ford,Ford Galaxy 2.0 TDCi Titanium,2016,10,117000,28496,Manual
Renault,Renault Twingo ENERGY TCe 90 Dynamique,2011,15,176000,12540,Manual
Ford,Ford Mondeo 2.2 TDCi Titanium S,2011,15,208111,14735,Manual
Aston Martin,Aston Martin DB9 Volante Touchtronic,2007,19,43000,49020,Automatic
Hyundai,Hyundai ix35 1.6 GDI Premium 2WD,2018,8,74219,25422,Manual
Saab,Saab 9-3X,2011,15,295000,12730,Automatic
Renault,Renault Megane 1.6 16V Authentique,2011,15,203358,5662,Manual
Infiniti,Infiniti FX FX35,2009,17,199000,8550,Automatic
Maserati,Maserati Ghibli Diesel,2014,12,85000,53960,Automatic
Volvo,Volvo C30,2007,19,335000,7182,Manual
Opel,Opel Insignia 2.0 CDTI Edition,2006,20,219588,9842,Manual
Toyota,Toyota Auris 1.4 VVT-i Luna,2008,18,116348,9082,Manual
Lamborghini,Lamborghini Aventador S,2018,8,12000,969000,Automatic
Maserati,Maserati Ghibli Standard,2015,11,80000,26600,Automatic
Ferrari,Ferrari,2018,8,18200,273220,Automatic
Mercedes-Benz,Mercedes-Benz Klasa B 180 (CDI) d 7G-DCT Urban,2018,8,96000,24662,Automatic
Toyota,Toyota Corolla 1.8 Hybrid Comfort,2020,6,36000,46839,Automatic
Dodge,Dodge Nitro 2.8 CRD SE,2009,17,154000,9500,Manual
Maserati,Maserati GranCabrio Sport,2014,12,151665,144362,Automatic
Maserati,Maserati Ghibli Standard,2014,12,64000,46600,Automatic
Maserati,Maserati Levante Diesel,2015,11,101398,84588,Automatic
BMW,BMW Seria 3 320d xDrive DPF Touring Edition Sport,2012,14,202000,15200,Automatic
Hyundai,Hyundai i20 1.2 Classic Plus,2017,9,166153,16302,Manual
Toyota,Toyota C-HR 1.8 Hybrid Executive,2021,5,54899,48982,Automatic
BMW,BMW Seria 3 320d Touring xDrive M Sport,2023,3,5,55062,Automatic
Porsche,Porsche 911 Carrera,1999,27,207000,170620,Manual
Kia,Kia Ceed 1.4 T-GDI S,2023,3,100,28842,Manual
Peugeot,Peugeot 605 3.0 SV,1996,30,177653,9462,Manual
Maserati,Maserati Quattroporte Q4 GranLusso,2015,11,34258,79420,Automatic
Volvo,Volvo V60 D3 Momentum,2010,16,214000,12920,Manual
Ford,Ford S-Max 2.0 TDCi Titanium,2018,8,70500,29184,Manual
Porsche,Porsche Boxster 2.5,1995,31,45000,21242,Manual
Jaguar,Jaguar F-Pace 2.0 i4P AWD Prestige,2017,9,89000,64562,Automatic
Saab,Saab 9-3,2002,24,264357,3800,Automatic
Jeep,Jeep Compass 2.2 CRD 4x4 Limited,2014,12,128872,13832,Manual
Maserati,Maserati Ghibli Standard,2015,11,76954,47082,Automatic
Mercedes-Benz,Mercedes-Benz Klasa A,2016,10,119000,11400,Automatic
Peugeot,Peugeot 206,2007,19,255700,1482,Manual
Opel,Opel Insignia,2019,7,28800,17062,Manual
Toyota,Toyota Land Cruiser,2019,7,57000,112100,Manual
SEAT,Seat Leon,2019,7,24200,16682,Manual
Volkswagen,Volkswagen Touran 2.0 TDI BMT Comfortline,2016,10,146100,30400,Manual
Volkswagen,Volkswagen New Beetle 1.6,2010,16,80524,11362,Manual
Opel,Opel Astra II 1.2 Start,2004,22,196000,2660,Manual
Renault,Renault Clio,2020,6,41300,23522,Manual
Maserati,Maserati 3200,2001,25,86000,26600,Automatic
Opel,Opel Meriva 1.7 CDTI Edition,2014,12,136744,10640,Manual
Volkswagen,Volkswagen Touran 2.0 TDI DPF DSG Cup,2010,16,258000,18886,Automatic
Aston Martin,Aston Martin Rapide,2011,15,112,163020,Automatic
Volvo,Volvo V50 1.6D Summum,2007,19,249000,5662,Manual
Renault,Renault Clio BLUE dCi 85 EXPERIENCE,2021,5,37000,18962,Manual
Opel,Opel Corsa 1.4 16V Edition 111 Jahre,2011,15,113000,7562,Manual
Volvo,Volvo S60 2.4 Edition,2003,23,237000,4180,Automatic
Toyota,Toyota Corolla 2.0 Hybrid GR Sport,2022,4,10,55062,Automatic
Opel,Opel Zafira Tourer 1.6 ECOTEC DIT Active,2014,12,197000,20520,Automatic
Opel,Opel Corsa 1.4 Enjoy,2018,8,100000,17442,Manual
Skoda,Skoda Superb 1.8 TSI L&K DSG,2018,8,215005,26600,Automatic
Mercedes-Benz,Mercedes-Benz GLC Coupe 300 e 4-Matic Business Edition,2023,3,5,122968,Automatic
Kia,Kia Sportage 1.6 GDI L Business Line Plus 2WD,2019,7,110000,30286,Manual
Porsche,Porsche 911,2006,20,207979,94620,Automatic
Kia,Kia Sportage,2012,14,150000,25460,Manual
Opel,Opel Corsa,2002,24,322000,950,Manual
Bentley,Bentley Continental GT V8,2019,7,75000,205162,Automatic
Nissan,Nissan Almera Tino,2004,22,444000,1748,Manual
Maserati,Maserati Ghibli S GranSport,2015,11,40390,75886,Automatic
Porsche,Porsche Macan,2017,9,70000,94620,Automatic
Porsche,Porsche 911 Carrera Cabrio,1999,27,154000,121600,Manual
Nissan,Nissan Qashqai 1.6 DCi Acenta,2011,15,221000,21276,Manual
Renault,Renault Grand Scenic Gr 1.6 16V Authentique,2010,16,190471,10260,Manual
Porsche,Porsche 911 Turbo,2007,19,99800,146300,Manual
Peugeot,Peugeot 307 CC 2.0 HDi Intense,2007,19,141000,7524,Manual
Porsche,Porsche Boxster Standard,2000,26,48000,26220,Manual
Hyundai,Hyundai ix35 2.0 CRDi 4WD Comfort,2014,12,173555,14022,Manual
Peugeot,Peugeot 308 1.6 BlueHDi Active S&S EAT6,2019,7,47500,6384,Automatic
Volkswagen,Volkswagen Passat Variant 2.0 TDI DSG BlueMotion Technology Highline,2013,13,234000,14060,Automatic
Bentley,Bentley Continental GT,2017,9,65000,413820,Automatic
Ford,Ford Fiesta,2016,10,102000,15542,Manual
Ford,Ford Focus 1.6 TDCi DPF Champions Edition,2014,12,140000,8360,Manual
Porsche,Porsche 718 Cayman S,2018,8,44000,111340,Manual
Mercedes-Benz,Mercedes-Benz Citan,2021,5,39000,59547,Manual
Aston Martin,Aston Martin DB7,2003,23,20000,102600,Manual
Volvo,Volvo V90 D4 Geartronic Inscription,2016,10,84076,39862,Automatic
Bentley,Bentley Continental Flying Spur Standard,2007,19,95000,33820,Automatic
Ford,Ford Mondeo Turnier 2.0 TDCi Ambiente,2011,15,188000,13642,Manual
SEAT,Seat Ibiza,2014,12,173185,7334,Manual
Mercedes-Benz,Mercedes-Benz AMG GT,2017,9,87000,166820,Automatic
Opel,Opel Astra 1.2 Turbo Start/Stop Design&Tech,2022,4,10,44080,Manual
Toyota,Toyota C-HR,2017,9,88500,42902,Automatic
Hyundai,Hyundai Tucson,2019,7,31500,41800,Automatic
Volkswagen,Volkswagen Multivan,2009,17,197500,21470,Manual
Hyundai,Hyundai Santa Fe 1.6 T-GDI HEV Platinum 4WD,2022,4,5000,91743,Automatic
Porsche,Porsche 911,2005,21,120500,83562,Automatic
Hyundai,Hyundai Elantra 1.6 Smart,2023,3,1,37924,Manual
Aston Martin,Aston Martin DB9 Standard,2007,19,43000,113962,Automatic
Opel,Opel Insignia 2.0 CDTI Active,2014,12,229000,10222,Manual
BMW,BMW Seria 5 520d,2018,8,120000,23902,Automatic
Toyota,Toyota Prius (Hybrid),2007,19,157000,14440,Automatic
BMW,BMW Seria 7 730d,2004,22,225303,10602,Automatic
Porsche,Porsche Boxster,2008,18,137600,83595,Manual
Bentley,Bentley Continental GT Standard,2005,21,122000,93062,Automatic
Ferrari,Ferrari GTC4Lusso,2017,9,19000,417620,Automatic
Kia,Kia Picanto 1.0 L Business Line,2023,3,1500,22762,Manual
Volkswagen,Volkswagen Golf VII 2.0 TDI BMT Comfortline EU6,2015,11,130000,30780,Manual
Porsche,Porsche 911 Carrera,2018,8,44000,127300,Manual
Maserati,Maserati Ghibli S Q4,2019,7,62223,17290,Automatic
Peugeot,Peugeot 308 1.5 BlueHDi Active S&S,2015,11,86000,20896,Manual
Peugeot,Peugeot 208 1.2 PureTech Style,2018,8,180000,13832,Manual
Kia,Kia Stonic 1.2 L,2023,3,10,27550,Manual
Nissan,Nissan Qashqai,2012,14,143500,11742,Manual
Volvo,Volvo V40 T3 Drive-E Kinetic,2015,11,174000,25422,Manual
Maserati,Maserati Ghibli Automatik S Q4,2014,12,98000,36480,Automatic
Ferrari,Ferrari F430,2008,18,39000,265620,Automatic
Porsche,Porsche 911 GT3 RS,2007,19,114400,322620,Manual
Porsche,Porsche Cayenne Turbo,2013,13,147000,62700,Automatic
Volkswagen,Volkswagen Jetta,2017,9,179593,20098,Manual
Ferrari,Ferrari FF Standard,2015,11,18300,273562,Automatic
Ford,Ford Focus Turnier 1.0 EcoBoost Start-Stopp-System Champions Edition,2012,14,269000,11400,Manual
Mercedes-Benz,Mercedes-Benz Klasa A 200 CDI 7G-DCT AMG Line,2010,16,207000,13908,Automatic
Aston Martin,Aston Martin Virage Touchtronic II,2011,15,112,197562,Automatic
Ferrari,Ferrari F430,2008,18,39000,265620,Automatic
Ford,Ford Fiesta 1.4 Trend,2014,12,273200,8284,Manual
Ford,Ford Focus 1.5 TDCi SYNC Edition,2015,11,240000,15922,Manual
Bentley,Bentley Bentayga,2019,7,51354,220400,Automatic
Porsche,Porsche Boxster Standard,2011,15,110000,60420,Manual
Fiat,Fiat Grande Punto,2005,21,141000,5434,Automatic
BMW,BMW X3,2022,4,37326,68020,Automatic
SEAT,Seat Leon,2019,7,68600,19722,Manual
Peugeot,Peugeot Partner 1.6 BlueHDi Outdoor,2019,7,103341,17442,Manual
BMW,BMW X5,2004,22,391000,9120,Automatic
Mercedes-Benz,Mercedes-Benz Klasa E,2012,14,216700,29222,Automatic
Volkswagen,Volkswagen Scirocco 2.0 TSI,2007,19,258000,12160,Manual
Mazda,Mazda 3 2.0 mHEV Kanjo,2022,4,1,45410,Manual
Maserati,Maserati Levante,2018,8,24567,71820,Automatic
BMW,BMW Seria 5 528i xDrive Luxury Line,2010,16,240000,20824,Automatic
Opel,Opel Insignia 2.0 CDTI Edition ecoFLEX S&S,2012,14,95000,17100,Manual
Infiniti,Infiniti G G37,2008,18,221000,18430,Automatic
Ford,Ford Focus 1.0 EcoBoost mHEV Active Style,2023,3,9,47462,Manual
Porsche,Porsche 911 Carrera,2018,8,44000,127300,Manual
Porsche,Porsche Boxster 2.5,1999,27,62400,18962,Manual
Renault,Renault Megane,2017,9,142000,14060,Manual
Porsche,Porsche 911 Carrera 4,2016,10,195440,216220,Automatic
Peugeot,Peugeot 508,2018,8,71925,20862,Manual
Kia,Kia Soul 1.6 CRDi M,2012,14,177484,8322,Manual
Kia,Kia Rio 1.2 Sensation,2018,8,42494,12122,Manual
SEAT,Seat Leon 1.5 EcoTSI Evo FR S&S DSG,2019,7,20000,33820,Automatic
Opel,Opel Zafira 1.9 CDTI 111,2009,17,380000,5130,Manual
BMW,BMW X3,2023,3,5,98762,Automatic
Opel,Opel Astra IV 1.6 Sport,2008,18,223000,8930,Manual
Volvo,Volvo V60,2014,12,210000,11818,Automatic
Honda,Honda Civic 1.8 Sport,2009,17,276000,12502,Manual
Volvo,Volvo XC 90,2023,3,7,94962,Automatic
Mercedes-Benz,Mercedes-Benz GLA 200 (CDI) d 7G-DCT,2018,8,107700,11362,Automatic
Honda,Honda Accord 2.4 Executive,2007,19,183000,9462,Automatic
Renault,Renault Kadjar 1.3 TCe FAP Intens,2023,3,10,44422,Manual
Kia,Kia Ceed Cee'd 1.4 M,2019,7,102588,25840,Manual
Toyota,Toyota C-HR,2023,3,5,44042,Automatic
Mitsubishi,Mitsubishi Pajero 3.2 DID 7os,2006,20,183000,9424,Automatic
Porsche,Porsche Panamera,2017,9,79243,212762,Automatic
Volkswagen,Volkswagen Golf VI 2.0 TSI GTI,2006,20,220000,22002,Manual
Renault,Renault Laguna 2.0 DCi Privilege,2009,17,139773,6346,Automatic
BMW,BMW X5 M M50d,2019,7,109000,144362,Automatic
Mitsubishi,Mitsubishi Eclipse Cross 1.5 T GPF Invite Plus,2017,9,99000,31882,Manual
Toyota,Toyota Corolla,2020,6,52733,31882,Manual
Porsche,Porsche Cayenne,2009,17,139367,16682,Automatic
Porsche,Porsche Cayenne,2008,18,136000,19000,Automatic
Maserati,Maserati Levante S Granlusso,2017,9,64780,109060,Automatic
Jaguar,Jaguar F-Pace 3.0 D300 mHEV AWD R-Dynamic Black,2022,4,4000,170966,Automatic
BMW,BMW X5 xDrive40d,2018,8,84000,56962,Automatic
Bentley,Bentley Bentayga,2019,7,75000,319200,Automatic
MINI,MINI Cooper,2009,17,154033,6954,Manual
BMW,BMW X5 xDrive25d,2016,10,57194,66500,Automatic
Porsche,Porsche 718 Boxster,2019,7,102,98420,Manual
Renault,Renault Kadjar 1.2 Energy TCe Intens,2017,9,69000,22724,Manual
Maserati,Maserati Ghibli Standard,2017,9,42500,22800,Automatic
Maserati,Maserati Quattroporte S Q4,2014,12,108000,75962,Automatic
Bentley,Bentley Bentayga,2017,9,65000,311220,Automatic
Kia,Kia Venga 1.4 CVVT Attract,2012,14,121550,9462,Manual
BMW,BMW X3 xDrive20d M Sport,2016,10,109000,42180,Automatic
BMW,BMW Seria 8 M850i xDrive,2018,8,119000,157700,Automatic
Isuzu,Isuzu Trooper 3.0 TD,2002,24,95400,9842,Manual
Peugeot,Peugeot Boxer HDi 330 L2H1,2005,21,192000,8170,Manual
Hyundai,Hyundai Tucson,2023,3,5,49362,Manual
Peugeot,Peugeot 301,2016,10,190000,13975,Manual
Isuzu,Isuzu D-Max 4x4 Double Cab Premium+,2018,8,82000,34200,Manual
Opel,Opel Crossland X,2023,3,1,39140,Manual
Peugeot,Peugeot 3008 2.0 HDi Premium+,2010,16,197000,10636,Manual
Toyota,Toyota Avensis,2003,23,273000,2660,Manual
Mercedes-Benz,Mercedes-Benz GLC AMG Coupe 63 S 4-Matic+,2017,9,227000,136481,Automatic
Opel,Opel Insignia 2.0 CDTI Sport,2010,16,245000,8322,Manual
Kia,Kia Sportage 2.0,1998,28,193717,7562,Manual
Skoda,Skoda Octavia Combi 2.0 TSI DSG RS,2008,18,251800,10640,Automatic
Opel,Opel Astra II 1.6 NJoy,2002,24,166686,3971,Automatic
Ford,Ford Focus 1.6 Gold X,2015,11,180000,17480,Manual
Volvo,Volvo V60 CC D4 Drive-E Momentum,2017,9,183000,33022,Automatic
Mazda,Mazda CX-5 2.0 Kanjo 2WD,2020,6,16000,58596,Manual
Opel,Opel Insignia,2017,9,66566,14782,Manual
Renault,Renault Captur,2023,3,10,35378,Manual
MINI,MINI Cooper S,2010,16,150000,26562,Manual
Mercedes-Benz,Mercedes-Benz Klasa C,2002,24,220000,3002,Automatic
Volkswagen,Volkswagen Passat 2.0 TDI DPF Sportline DSG,2008,18,289481,12160,Automatic
Jeep,Jeep Compass 1.3 TMair Limited FWD S&S DDCT,2020,6,115000,45182,Automatic
Porsche,Porsche Cayenne,2007,19,48000,22040,Automatic
Volkswagen,Volkswagen Golf V 1.6 Comfortline,2006,20,225000,6270,Manual
Maserati,Maserati GranCabrio Sport,2016,10,63500,186200,Automatic
Porsche,Porsche 911,1998,28,57000,53200,Automatic
Lamborghini,Lamborghini Huracan,2019,7,57260,518700,Automatic
Volkswagen,Volkswagen Transporter,2017,9,59615,60040,Manual
Bentley,Bentley Continental Flying Spur W12,2012,14,74520,150100,Automatic
Hyundai,Hyundai Tucson 1.6 T-GDi Executive 2WD,2020,6,52000,53960,Manual
Volkswagen,Volkswagen Passat 1.9 TDI Comfortline,2005,21,114459,6346,Manual
Ford,Ford S-Max 2.0 TDCi DPF Trend,2010,16,301000,16302,Manual
Nissan,Nissan Qashqai 1.6 Start/Stop 360,2010,16,119900,14782,Manual
Volkswagen,Volkswagen Tiguan,2023,3,8,50122,Automatic
BMW,BMW M8,2023,3,19,280782,Automatic
Nissan,Nissan Note,2008,18,176945,6726,Manual
Peugeot,Peugeot 207,2007,19,198000,5282,Manual
Ferrari,Ferrari F430,2008,18,44000,253080,Automatic
Volvo,Volvo S80,1996,30,296000,1748,Automatic
Volkswagen,Volkswagen Golf VII 1.6 TDI BMT Comfortline,2016,10,263000,28880,Manual
BMW,BMW 3GT 330d xDrive M Sport,2018,8,62000,37088,Automatic
Hyundai,Hyundai Tucson 1.7 CRDI BlueDrive Comfort 2WD,2015,11,205000,27702,Manual
Volkswagen,Volkswagen CC 2.0 TDI DPF BMT DSG,2014,12,224123,21280,Automatic
Porsche,Porsche Boxster 2.5,1995,31,45000,18126,Manual
Maserati,Maserati Ghibli,2015,11,76954,53200,Automatic
Ford,Ford Focus 2.0 EcoBlue Titanium,2023,3,1,32224,Manual
Kia,Kia Sportage 1.7 CRDI Business Line L 2WD,2019,7,89000,28120,Manual
Saab,Saab 9-3 1.9TTiD PF Vector Euro5,2010,16,228614,10640,Manual
Bentley,Bentley Continental GT V8,2011,15,106000,132962,Automatic
Aston Martin,Aston Martin DB9 Coupe Touchtronic,2010,16,35248,253333,Automatic
Land Rover,Land Rover Range Rover Evoque 2.0 P200 mHEV R-Dynamic S,2022,4,2833,110371,Automatic
Bentley,Bentley Continental GT Speed,2008,18,113700,68362,Automatic
Volkswagen,Volkswagen Passat 2.0 TDI SCR Trendline,2019,7,136100,21622,Manual
Volkswagen,Volkswagen Caravelle,2006,20,360000,14820,Manual
Mercedes-Benz,Mercedes-Benz Klasa E,1998,28,230000,8366,Automatic
Skoda,Skoda Octavia,2000,26,244000,2014,Automatic
Citroen,Citroën Saxo 1.1 SX,1998,28,218000,2432,Manual
Mercedes-Benz,Mercedes-Benz Klasa C 250 Coupe (BlueEFFICIENCY) 7G-TRONIC,2012,14,180800,21660,Automatic
Mercedes-Benz,Mercedes-Benz SL 350,2009,17,247000,52820,Automatic
Opel,Opel Astra GTC 1.6 Edition,2007,19,199999,6422,Manual
Toyota,Toyota Yaris,2014,12,229875,12882,Manual
Toyota,Toyota RAV4,2019,7,93000,42522,Automatic
Volkswagen,Volkswagen Golf 1.2 TSI BlueMotion Technology MATCH,2010,16,198000,13110,Manual
Ford,Ford Mondeo 2.0 TDCi Titanium,2019,7,89437,24700,Manual
Volkswagen,Volkswagen Passat,2015,11,261283,41762,Automatic
Ford,Ford Focus 1.0 EcoBoost Start-Stopp-System Titanium,2014,12,216050,9500,Manual
Aston Martin,Aston Martin DB9,2005,21,84479,119700,Automatic
Toyota,Toyota Corolla,2020,6,57276,32908,Automatic
Volvo,Volvo V90 Cross Country D4 AWD,2018,8,156000,45562,Manual
Honda,Honda Accord 3.0i ES,1999,27,231000,8322,Automatic
Volkswagen,Volkswagen Passat 1.9 TDI Comfortline,2005,21,244555,5662,Manual
Audi,Audi A7 50 TDI mHEV Quattro Tiptronic,2020,6,62000,88502,Automatic
Nissan,Nissan X-Trail 2.0 dCi 4x4 DPF Automatik I-Way,2008,18,207609,11362,Automatic
Hyundai,Hyundai I30,2022,4,10,27702,Manual
Porsche,Porsche 911 Carrera 4,1999,27,154000,94966,Manual
Hyundai,Hyundai Elantra,2022,4,6500,38342,Manual
Bentley,Bentley Continental GT,2018,8,58000,414200,Automatic
Toyota,Toyota C-HR,2016,10,26400,36442,Automatic
Maserati,Maserati Ghibli Modena S Q4,2018,8,80412,83562,Automatic
Toyota,Toyota Yaris 1.5 Premium,2017,9,56004,20482,Manual
Opel,Opel Corsa,2019,7,43000,13642,Manual
Toyota,Toyota Camry 3.0 V6,2001,25,434500,13642,Automatic
Mitsubishi,Mitsubishi Eclipse Cross 2.4 PHEV Instyle Plus,2022,4,670,74442,Automatic
Bentley,Bentley Continental GT,2017,9,65000,413820,Automatic
Nissan,Nissan Murano 3.5 V6 Premium,2009,17,247877,12160,Automatic
Volvo,Volvo S60 T5 Momentum Pro,2015,11,124000,36062,Automatic
Kia,Kia Ceed,2017,9,101000,25422,Manual
Ford,Ford Mustang 5.0 V8 GT,2021,5,21500,113962,Automatic
Porsche,Porsche Cayenne S,2007,19,156900,6384,Manual
Peugeot,Peugeot 208,2016,10,193000,10792,Manual
Aston Martin,Aston Martin DBS Touchtronic II,2009,17,76000,227620,Automatic
Volvo,Volvo V90 D5 AWD R-Design,2018,8,92072,64220,Automatic
Bentley,Bentley Continental Flying Spur,2017,9,70125,136420,Automatic
Mercedes-Benz,Mercedes-Benz CLS Shooting Brake 350 (BlueTEC) d 9G-TRONIC,2015,11,304000,48640,Automatic
Nissan,Nissan Qashqai+2,2009,17,190000,10222,Manual
Jaguar,Jaguar X-Type 2.0 D Executive,2008,18,125000,6650,Manual
MINI,MINI Cooper S,2007,19,140000,17062,Automatic
BMW,BMW i8,2017,9,170000,101460,Automatic
Land Rover,Land Rover Range Rover Sport S 3.0 D HSE Dynamic,2022,4,15,188100,Automatic
Volkswagen,Volkswagen Passat 1.6 TDI BMT Comfortline,2019,7,58880,20102,Manual
Mercedes-Benz,Mercedes-Benz Klasa V 250 d 4-Matic 9G-Tronic (d³ugi),2023,3,3454,136610,Automatic
Bentley,Bentley Continental GT Convertible,2007,19,95000,75620,Automatic
Porsche,Porsche Boxster 2.5,1999,27,62400,30400,Manual
Maserati,Maserati Ghibli Diesel,2010,16,30000,11685,Automatic
Porsche,Porsche Cayman S PDK,2018,8,49150,94620,Automatic
Nissan,Nissan Qashqai+2 2.0 dCi 4x4 Tekna Premium,2010,16,220267,10450,Manual
Porsche,Porsche Macan,2017,9,70000,89262,Automatic
BMW,BMW 5GT 535d Gran Turismo,2014,12,190000,20862,Automatic
Mercedes-Benz,Mercedes-Benz Klasa C,2012,14,225000,16340,Automatic
Bentley,Bentley Continental GT Standard,2005,21,68944,83220,Automatic
Nissan,Nissan Tiida 1.6 Visia,2009,17,96700,5624,Manual
Maserati,Maserati Quattroporte S Q4,2013,13,36000,56240,Automatic
Ford,Ford Focus,2017,9,124631,23522,Manual
Nissan,Nissan Pathfinder,2006,20,221786,17860,Manual
BMW,BMW Seria 5,2001,25,202000,3382,Automatic
Renault,Renault Kadjar 1.2 Energy TCe Zen,2016,10,129200,25802,Manual
Ford,Ford Focus 1.6 TDCi Ambiente,2010,16,212000,10070,Manual
Opel,Opel Zafira 1.8,2009,17,164310,3040,Manual
Volkswagen,Volkswagen Passat 1.6 TDI BMT City,2015,11,159000,26600,Manual
Mercedes-Benz,Mercedes-Benz Klasa A 150 Autotronic,2009,17,52000,5282,Automatic
Ford,Ford Focus 1.6 Titanium,2012,14,119000,11400,Manual
Toyota,Toyota Corolla 1.5 Comfort,2021,5,8,17024,Manual
BMW,BMW Seria 3 318d,2016,10,118000,22040,Automatic
